cod_universidad,des_universidad,anio,des_capitulo,des_articulo,des_concepto,des_subconcepto,des_partida,des_seccion,des_servicio,des_unidad_de_coste,des_organica_libre_1,des_organica_libre_2,fecha_referencia,credito_inicial,modificaciones,credito_final,derechos_reconocidos_netos,recaudacion_neta
036,Universidad-Carlos-III-de-Madrid,2022,TRANSFERENCIAS-CORRIENTES,DE-COMUNIDADES-AUTONOMAS,TRANSFERENCIAS-CORRIENTES-DE-COMUNIDADES-AUTONOMAS,CAM-OTRAS-SUBVENCIONES,no-informado,Universidad-Carlos-III-de-Madrid,Centros-actividad-intercampus,no-informado,no-informado,no-informado,2021-12-31T00:00Z,24000,0,24000,0,0
036,Universidad-Carlos-III-de-Madrid,2022,ACTIVOS-FINANCIEROS,REMANENTE-DE-TESORERIA,REMANENTES-DE-TESORERIA,REMANENTE-CORRIENTE,no-informado,Universidad-Carlos-III-de-Madrid,Centros-actividad-intercampus,no-informado,no-informado,no-informado,2021-12-31T00:00Z,0,0,0,0,0
036,Universidad-Carlos-III-de-Madrid,2022,TASAS-Y-OTROS-INGRESOS,INGRESOS-DIVERSOS,INGRESOS-DIVERSOS,INGRESOS-DIVERSOS,no-informado,Universidad-Carlos-III-de-Madrid,Centros-actividad-intercampus,no-informado,no-informado,no-informado,2021-12-31T00:00Z,30000,0,30000,0,0
036,Universidad-Carlos-III-de-Madrid,2022,TASAS-Y-OTROS-INGRESOS,OTROS-INGRESOS-PROCEDENTES-DE-PRESTACION-DE-SERVICIOS,OTROS-INGRESOS-VARIOS-POR-PRESTACION-DE-SERVICIO,no-informado,no-informado,Universidad-Carlos-III-de-Madrid,Centros-actividad-intercampus,no-informado,no-informado,no-informado,2021-12-31T00:00Z,0,0,0,0,0
036,Universidad-Carlos-III-de-Madrid,2022,TRANSFERENCIAS-CORRIENTES,DE-COMUNIDADES-AUTONOMAS,TRANSFERENCIAS-CORRIENTES-DE-COMUNIDADES-AUTONOMAS,CAM-CONTRATO-PROGRAMA-GENERAL,no-informado,Universidad-Carlos-III-de-Madrid,Centros-actividad-intercampus,no-informado,no-informado,no-informado,2021-12-31T00:00Z,96380311,0,96380311,0,0
036,Universidad-Carlos-III-de-Madrid,2022,TRANSFERENCIAS-CORRIENTES,DE-COMUNIDADES-AUTONOMAS,TRANSFERENCIAS-CORRIENTES-DE-COMUNIDADES-AUTONOMAS,CAM-OTRAS-SUBVENCIONES,no-informado,Universidad-Carlos-III-de-Madrid,Centros-actividad-intercampus,no-informado,no-informado,no-informado,2021-12-31T00:00Z,2300000,0,2300000,0,0
036,Universidad-Carlos-III-de-Madrid,2022,TRANSFERENCIAS-CORRIENTES,DE-COMUNIDADES-AUTONOMAS,TRANSFERENCIAS-CORRIENTES-DE-COMUNIDADES-AUTONOMAS,CAM-COMPENSACION-PRECIOS-MATRICULA,no-informado,Universidad-Carlos-III-de-Madrid,Centros-actividad-intercampus,no-informado,no-informado,no-informado,2021-12-31T00:00Z,2150000,0,2150000,0,0
036,Universidad-Carlos-III-de-Madrid,2022,TRANSFERENCIAS-CORRIENTES,DE-FAMILIAS-E-INSTITUCIONES-SIN-ANIMO-DE-LUCRO,INGRESOS-DE-FUNDACIONES,no-informado,no-informado,Universidad-Carlos-III-de-Madrid,Centros-actividad-intercampus,no-informado,no-informado,no-informado,2021-12-31T00:00Z,300000,0,300000,0,0
036,Universidad-Carlos-III-de-Madrid,2022,INGRESOS-PATRIMONIALES,INTERESES-DE-DEPOSITOS,INGRESOS-PATRIMONIALES-DE-CUENTAS-BANCARIAS,no-informado,no-informado,Universidad-Carlos-III-de-Madrid,Centros-actividad-intercampus,no-informado,no-informado,no-informado,2021-12-31T00:00Z,1000,0,1000,0,0
036,Universidad-Carlos-III-de-Madrid,2022,TRANSFERENCIAS-DE-CAPITAL,TRANSFERENCIA-DE-CAPITAL-DE-CCAA,DE-COMUNIDADES-AUTONOMAS-CM,TRANSFERENCIA-INVERSIONES-CAM,no-informado,Universidad-Carlos-III-de-Madrid,Centros-actividad-intercampus,no-informado,no-informado,no-informado,2021-12-31T00:00Z,667500,0,667500,0,0
036,Universidad-Carlos-III-de-Madrid,2022,TRANSFERENCIAS-DE-CAPITAL,TRANSFERENCIA-DE-CAPITAL-DE-CCAA,DE-COMUNIDADES-AUTONOMAS-CM,OTRAS-SUBVENCIONES,no-informado,Universidad-Carlos-III-de-Madrid,Centros-actividad-intercampus,no-informado,no-informado,no-informado,2021-12-31T00:00Z,3116000,0,3116000,0,0
036,Universidad-Carlos-III-de-Madrid,2022,ACTIVOS-FINANCIEROS,REMANENTE-DE-TESORERIA,REMANENTES-DE-TESORERIA,REMANENTE-CORRIENTE,no-informado,Universidad-Carlos-III-de-Madrid,Centros-actividad-intercampus,no-informado,no-informado,no-informado,2021-12-31T00:00Z,2301000,0,2301000,0,0
036,Universidad-Carlos-III-de-Madrid,2022,TASAS-Y-OTROS-INGRESOS,REINTEGROS-DE-OPERACIONES-CORRIENTES,REINTEGROS-DE-EJERCICIOS-CERRADOS,no-informado,no-informado,Universidad-Carlos-III-de-Madrid,Centros-actividad-intercampus,no-informado,no-informado,no-informado,2021-12-31T00:00Z,0,0,0,0,0
036,Universidad-Carlos-III-de-Madrid,2022,INGRESOS-PATRIMONIALES,PRODUCTOS-DE-CONCESIONES-Y-APROVECHAMIENTOS-ESPECIALES,INGRESOS-DERIVADOS-DE-CONCESIONES-DE-SERVICIOS-CAFETERIA-REPROGRAFIA,no-informado,no-informado,Universidad-Carlos-III-de-Madrid,Centros-actividad-intercampus,no-informado,no-informado,no-informado,2021-12-31T00:00Z,137550,0,137550,0,0
036,Universidad-Carlos-III-de-Madrid,2022,TRANSFERENCIAS-DE-CAPITAL,TRANSFERENCIAS-DE-CAPITAL-DE-LA-ADMINISTRACION-DEL-ESTADO,TRANSFERENCIA-CAPITAL-DE-OTROS-DPTOS-MINISTERIALES,INGRESOS-DE-OTROS-MINISTERIOS-PARA-INVERSIONES,no-informado,Universidad-Carlos-III-de-Madrid,Centros-actividad-intercampus,no-informado,no-informado,no-informado,2021-12-31T00:00Z,900000,0,900000,0,0
036,Universidad-Carlos-III-de-Madrid,2022,ACTIVOS-FINANCIEROS,REMANENTE-DE-TESORERIA,REMANENTES-DE-TESORERIA,REMANENTE-CORRIENTE,no-informado,Universidad-Carlos-III-de-Madrid,Centros-actividad-intercampus,no-informado,no-informado,no-informado,2021-12-31T00:00Z,2301000,0,2301000,0,0
036,Universidad-Carlos-III-de-Madrid,2022,ACTIVOS-FINANCIEROS,REMANENTE-DE-TESORERIA,REMANENTES-DE-TESORERIA,REMANENTE-DE-INVESTIGACION,no-informado,Universidad-Carlos-III-de-Madrid,Centros-actividad-intercampus,no-informado,no-informado,no-informado,2021-12-31T00:00Z,1600000,0,1600000,0,0
036,Universidad-Carlos-III-de-Madrid,2022,ACTIVOS-FINANCIEROS,REMANENTE-DE-TESORERIA,REMANENTES-DE-TESORERIA,REMANENTE-DE-INVERSIONES,no-informado,Universidad-Carlos-III-de-Madrid,Centros-actividad-intercampus,no-informado,no-informado,no-informado,2021-12-31T00:00Z,8947803.29,0,8947803.29,0,0
036,Universidad-Carlos-III-de-Madrid,2022,TRANSFERENCIAS-CORRIENTES,DE-COMUNIDADES-AUTONOMAS,TRANSFERENCIAS-CORRIENTES-DE-COMUNIDADES-AUTONOMAS,CAM-OTRAS-SUBVENCIONES,no-informado,Universidad-Carlos-III-de-Madrid,Centros-actividad-intercampus,no-informado,no-informado,no-informado,2021-12-31T00:00Z,168867,0,168867,0,0
036,Universidad-Carlos-III-de-Madrid,2022,TRANSFERENCIAS-CORRIENTES,DE-EMPRESAS-PRIVADAS,INGRESOS-DE-EMPRESAS-PRIVADAS,no-informado,no-informado,Universidad-Carlos-III-de-Madrid,Centros-actividad-intercampus,no-informado,no-informado,no-informado,2021-12-31T00:00Z,172000,0,172000,0,0
036,Universidad-Carlos-III-de-Madrid,2022,ACTIVOS-FINANCIEROS,REMANENTE-DE-TESORERIA,REMANENTES-DE-TESORERIA,REMANENTE-CORRIENTE,no-informado,Universidad-Carlos-III-de-Madrid,Centros-actividad-intercampus,no-informado,no-informado,no-informado,2021-12-31T00:00Z,0,0,0,0,0
036,Universidad-Carlos-III-de-Madrid,2022,TASAS-Y-OTROS-INGRESOS,OTROS-INGRESOS-PROCEDENTES-DE-PRESTACION-DE-SERVICIOS,OTROS-INGRESOS-VARIOS-POR-PRESTACION-DE-SERVICIO,no-informado,no-informado,Universidad-Carlos-III-de-Madrid,Centros-actividad-intercampus,no-informado,no-informado,no-informado,2021-12-31T00:00Z,50000,0,50000,0,0
036,Universidad-Carlos-III-de-Madrid,2022,ACTIVOS-FINANCIEROS,REMANENTE-DE-TESORERIA,REMANENTES-DE-TESORERIA,REMANENTE-CORRIENTE,no-informado,Universidad-Carlos-III-de-Madrid,Centros-actividad-intercampus,no-informado,no-informado,no-informado,2021-12-31T00:00Z,0,0,0,0,0
036,Universidad-Carlos-III-de-Madrid,2022,ACTIVOS-FINANCIEROS,REMANENTE-DE-TESORERIA,REMANENTES-DE-TESORERIA,REMANENTE-DE-INVESTIGACION,no-informado,Universidad-Carlos-III-de-Madrid,Centros-actividad-intercampus,no-informado,no-informado,no-informado,2021-12-31T00:00Z,0,0,0,0,0
036,Universidad-Carlos-III-de-Madrid,2022,TASAS-Y-OTROS-INGRESOS,PRECIOS-PUBLICOS-POR-SERVICIOS-ACADEMICOS,INGRESOS-PROCEDENTES-DE-PRECIOS-PUBLICOS-EN-CONC-MATRICULA-TIT-OF-CUR.,INGRESOS-MATRICULAS-OFICIALES,no-informado,Universidad-Carlos-III-de-Madrid,Centros-actividad-intercampus,no-informado,no-informado,no-informado,2021-12-31T00:00Z,19525000,0,19525000,0,0
036,Universidad-Carlos-III-de-Madrid,2022,TASAS-Y-OTROS-INGRESOS,PRECIOS-PUBLICOS-POR-SERVICIOS-ACADEMICOS,INGRESOS-PROCEDENTES-DE-PRECIOS-PUBLICOS-NO-INCLUIDOS-EN-LOS-CONCEPTOS-ANTERIORES,OTROS-PRECIOS-PUBLICOS,no-informado,Universidad-Carlos-III-de-Madrid,Centros-actividad-intercampus,no-informado,no-informado,no-informado,2021-12-31T00:00Z,800000,0,800000,0,0
036,Universidad-Carlos-III-de-Madrid,2022,ACTIVOS-FINANCIEROS,REMANENTE-DE-TESORERIA,REMANENTES-DE-TESORERIA,REMANENTE-DE-INVESTIGACION,no-informado,Universidad-Carlos-III-de-Madrid,Centros-actividad-intercampus,no-informado,no-informado,no-informado,2021-12-31T00:00Z,0,0,0,0,0
036,Universidad-Carlos-III-de-Madrid,2022,ACTIVOS-FINANCIEROS,REMANENTE-DE-TESORERIA,REMANENTES-DE-TESORERIA,REMANENTE-DE-INVESTIGACION,no-informado,Universidad-Carlos-III-de-Madrid,Centros-actividad-intercampus,no-informado,no-informado,no-informado,2021-12-31T00:00Z,0,0,0,0,0
036,Universidad-Carlos-III-de-Madrid,2022,ACTIVOS-FINANCIEROS,REMANENTE-DE-TESORERIA,REMANENTES-DE-TESORERIA,REMANENTE-DE-INVESTIGACION,no-informado,Universidad-Carlos-III-de-Madrid,Centros-actividad-intercampus,no-informado,no-informado,no-informado,2021-12-31T00:00Z,0,0,0,0,0
036,Universidad-Carlos-III-de-Madrid,2022,TRANSFERENCIAS-CORRIENTES,DE-EMPRESAS-PRIVADAS,INGRESOS-DE-EMPRESAS-PRIVADAS,no-informado,no-informado,Universidad-Carlos-III-de-Madrid,Centros-actividad-intercampus,no-informado,no-informado,no-informado,2021-12-31T00:00Z,40000,0,40000,0,0
036,Universidad-Carlos-III-de-Madrid,2022,ACTIVOS-FINANCIEROS,REMANENTE-DE-TESORERIA,REMANENTES-DE-TESORERIA,REMANENTE-DE-INVESTIGACION,no-informado,Universidad-Carlos-III-de-Madrid,Centros-actividad-intercampus,no-informado,no-informado,no-informado,2021-12-31T00:00Z,0,0,0,0,0
036,Universidad-Carlos-III-de-Madrid,2022,ACTIVOS-FINANCIEROS,REMANENTE-DE-TESORERIA,REMANENTES-DE-TESORERIA,REMANENTE-DE-INVESTIGACION,no-informado,Universidad-Carlos-III-de-Madrid,Centros-actividad-intercampus,no-informado,no-informado,no-informado,2021-12-31T00:00Z,3130478,0,3130478,0,0
036,Universidad-Carlos-III-de-Madrid,2022,TRANSFERENCIAS-CORRIENTES,DE-EMPRESAS-PRIVADAS,INGRESOS-DE-EMPRESAS-PRIVADAS,no-informado,no-informado,Universidad-Carlos-III-de-Madrid,Centros-actividad-intercampus,no-informado,no-informado,no-informado,2021-12-31T00:00Z,20000,0,20000,0,0
036,Universidad-Carlos-III-de-Madrid,2022,ACTIVOS-FINANCIEROS,REMANENTE-DE-TESORERIA,REMANENTES-DE-TESORERIA,REMANENTE-DE-INVESTIGACION,no-informado,Universidad-Carlos-III-de-Madrid,Centros-actividad-intercampus,no-informado,no-informado,no-informado,2021-12-31T00:00Z,40000,0,40000,0,0
036,Universidad-Carlos-III-de-Madrid,2022,TASAS-Y-OTROS-INGRESOS,OTROS-INGRESOS-PROCEDENTES-DE-PRESTACION-DE-SERVICIOS,OTROS-INGRESOS-VARIOS-POR-PRESTACION-DE-SERVICIO,no-informado,no-informado,Universidad-Carlos-III-de-Madrid,Centros-actividad-intercampus,no-informado,no-informado,no-informado,2021-12-31T00:00Z,0,0,0,0,0
036,Universidad-Carlos-III-de-Madrid,2022,ACTIVOS-FINANCIEROS,REMANENTE-DE-TESORERIA,REMANENTES-DE-TESORERIA,REMANENTE-CORRIENTE,no-informado,Universidad-Carlos-III-de-Madrid,Centros-actividad-intercampus,no-informado,no-informado,no-informado,2021-12-31T00:00Z,0,0,0,0,0
036,Universidad-Carlos-III-de-Madrid,2022,INGRESOS-PATRIMONIALES,ALQUILER-DE-AULAS-E-INSTALACIONES,INGRESO-POR-USO-DE-INSTALACIONES,ALQUILER-DE-AULAS-E-INSTALACIONES,no-informado,Universidad-Carlos-III-de-Madrid,Centros-actividad-intercampus,no-informado,no-informado,no-informado,2021-12-31T00:00Z,10000,0,10000,0,0
036,Universidad-Carlos-III-de-Madrid,2022,ACTIVOS-FINANCIEROS,REMANENTE-DE-TESORERIA,REMANENTES-DE-TESORERIA,REMANENTE-CORRIENTE,no-informado,Universidad-Carlos-III-de-Madrid,Centros-actividad-intercampus,no-informado,no-informado,no-informado,2021-12-31T00:00Z,0,0,0,0,0
036,Universidad-Carlos-III-de-Madrid,2022,TASAS-Y-OTROS-INGRESOS,INGRESOS-DIVERSOS,INGRESOS-DIVERSOS,INGRESOS-DIVERSOS,no-informado,Universidad-Carlos-III-de-Madrid,Centros-actividad-intercampus,no-informado,no-informado,no-informado,2021-12-31T00:00Z,10000,0,10000,0,0
036,Universidad-Carlos-III-de-Madrid,2022,ACTIVOS-FINANCIEROS,REMANENTE-DE-TESORERIA,REMANENTES-DE-TESORERIA,REMANENTE-CORRIENTE,no-informado,Universidad-Carlos-III-de-Madrid,Centros-actividad-intercampus,no-informado,no-informado,no-informado,2021-12-31T00:00Z,0,0,0,0,0
036,Universidad-Carlos-III-de-Madrid,2022,ACTIVOS-FINANCIEROS,REINTEGRO-DE-PRESTAMOS-CONCEDIDOS-AL-SECTOR-PUBLICO-A-LARGO-PLAZO,REINTEGRO-ANTICIPOS,no-informado,no-informado,Universidad-Carlos-III-de-Madrid,Centros-actividad-intercampus,no-informado,no-informado,no-informado,2021-12-31T00:00Z,192180,0,192180,0,0
036,Universidad-Carlos-III-de-Madrid,2022,TASAS-Y-OTROS-INGRESOS,PRECIOS-PUBLICOS-POR-SERVICIOS-ACADEMICOS,INGRESOS-PROCEDENTES-DE-PRECIOS-PUBLICOS-NO-INCLUIDOS-EN-LOS-CONCEPTOS-ANTERIORES,INGRESOS-PRUEBAS-DE-SELECCION,no-informado,Universidad-Carlos-III-de-Madrid,Centros-actividad-intercampus,no-informado,no-informado,no-informado,2021-12-31T00:00Z,160000,0,160000,0,0
036,Universidad-Carlos-III-de-Madrid,2022,ACTIVOS-FINANCIEROS,REMANENTE-DE-TESORERIA,REMANENTES-DE-TESORERIA,REMANENTE-CORRIENTE,no-informado,Universidad-Carlos-III-de-Madrid,Centros-actividad-intercampus,no-informado,no-informado,no-informado,2021-12-31T00:00Z,0,0,0,0,0
036,Universidad-Carlos-III-de-Madrid,2022,ACTIVOS-FINANCIEROS,REMANENTE-DE-TESORERIA,REMANENTES-DE-TESORERIA,REMANENTE-CORRIENTE,no-informado,Universidad-Carlos-III-de-Madrid,Centros-actividad-intercampus,no-informado,no-informado,no-informado,2021-12-31T00:00Z,0,0,0,0,0
036,Universidad-Carlos-III-de-Madrid,2022,TASAS-Y-OTROS-INGRESOS,PRECIOS-PUBLICOS-POR-SERVICIOS-ACADEMICOS,INGRESOS-PROCEDENTES-DE-PRECIOS-PUBLICOS-NO-INCLUIDOS-EN-LOS-CONCEPTOS-ANTERIORES,INGRESOS-PRUEBAS-DE-SELECCION,no-informado,Universidad-Carlos-III-de-Madrid,Centros-actividad-intercampus,no-informado,no-informado,no-informado,2021-12-31T00:00Z,10000,0,10000,0,0
036,Universidad-Carlos-III-de-Madrid,2022,ACTIVOS-FINANCIEROS,REMANENTE-DE-TESORERIA,REMANENTES-DE-TESORERIA,REMANENTE-CORRIENTE,no-informado,Universidad-Carlos-III-de-Madrid,Centros-actividad-intercampus,no-informado,no-informado,no-informado,2021-12-31T00:00Z,0,0,0,0,0
036,Universidad-Carlos-III-de-Madrid,2022,INGRESOS-PATRIMONIALES,ALQUILER-DE-AULAS-E-INSTALACIONES,INGRESO-POR-USO-DE-INSTALACIONES,ALQUILER-DE-AULAS-E-INSTALACIONES,no-informado,Universidad-Carlos-III-de-Madrid,Centros-actividad-intercampus,no-informado,no-informado,no-informado,2021-12-31T00:00Z,0,0,0,0,0
036,Universidad-Carlos-III-de-Madrid,2022,ACTIVOS-FINANCIEROS,REMANENTE-DE-TESORERIA,REMANENTES-DE-TESORERIA,REMANENTE-CORRIENTE,no-informado,Universidad-Carlos-III-de-Madrid,Centros-actividad-intercampus,no-informado,no-informado,no-informado,2021-12-31T00:00Z,0,0,0,0,0
036,Universidad-Carlos-III-de-Madrid,2022,ACTIVOS-FINANCIEROS,REMANENTE-DE-TESORERIA,REMANENTES-DE-TESORERIA,REMANENTE-DE-INVERSIONES,no-informado,Universidad-Carlos-III-de-Madrid,Centros-actividad-intercampus,no-informado,no-informado,no-informado,2021-12-31T00:00Z,0,0,0,0,0
036,Universidad-Carlos-III-de-Madrid,2022,ACTIVOS-FINANCIEROS,REMANENTE-DE-TESORERIA,REMANENTES-DE-TESORERIA,REMANENTE-CORRIENTE,no-informado,Universidad-Carlos-III-de-Madrid,Centros-actividad-intercampus,no-informado,no-informado,no-informado,2021-12-31T00:00Z,0,0,0,0,0
036,Universidad-Carlos-III-de-Madrid,2022,TASAS-Y-OTROS-INGRESOS,OTROS-INGRESOS-PROCEDENTES-DE-PRESTACION-DE-SERVICIOS,OTROS-INGRESOS-VARIOS-POR-PRESTACION-DE-SERVICIO,no-informado,no-informado,Universidad-Carlos-III-de-Madrid,Centros-actividad-intercampus,no-informado,no-informado,no-informado,2021-12-31T00:00Z,0,0,0,0,0
036,Universidad-Carlos-III-de-Madrid,2022,ACTIVOS-FINANCIEROS,REMANENTE-DE-TESORERIA,REMANENTES-DE-TESORERIA,REMANENTE-CORRIENTE,no-informado,Universidad-Carlos-III-de-Madrid,Centros-actividad-intercampus,no-informado,no-informado,no-informado,2021-12-31T00:00Z,0,0,0,0,0
036,Universidad-Carlos-III-de-Madrid,2022,TASAS-Y-OTROS-INGRESOS,PRECIOS-PUBLICOS-POR-SERVICIOS-ACADEMICOS,INGRESOS-PROCEDENTES-DE-PRECIOS-PUBLICOS-EN-CONC-MATRICULA-TIT-OF-CUR.,INGRESOS-POR-MATRICULAS-EVAU-SELECTIVIDAD,no-informado,Universidad-Carlos-III-de-Madrid,Centros-actividad-intercampus,no-informado,no-informado,no-informado,2021-12-31T00:00Z,550000,0,550000,0,0
036,Universidad-Carlos-III-de-Madrid,2022,ACTIVOS-FINANCIEROS,REMANENTE-DE-TESORERIA,REMANENTES-DE-TESORERIA,REMANENTE-CORRIENTE,no-informado,Universidad-Carlos-III-de-Madrid,Centros-actividad-intercampus,no-informado,no-informado,no-informado,2021-12-31T00:00Z,0,0,0,0,0
036,Universidad-Carlos-III-de-Madrid,2022,TASAS-Y-OTROS-INGRESOS,PRECIOS-PUBLICOS-POR-SERVICIOS-ACADEMICOS,INGRESOS-PROCEDENTES-DE-PRECIOS-PUBLICOS-NO-INCLUIDOS-EN-LOS-CONCEPTOS-ANTERIORES,OTROS-PRECIOS-PUBLICOS,no-informado,Universidad-Carlos-III-de-Madrid,Centros-actividad-intercampus,no-informado,no-informado,no-informado,2021-12-31T00:00Z,21900,0,21900,0,0
036,Universidad-Carlos-III-de-Madrid,2022,TRANSFERENCIAS-CORRIENTES,DE-ORGANISMOS-AUTONOMOS-ADMINISTRATIVOS,INGRESOS-DE-OO.AA.,no-informado,no-informado,Universidad-Carlos-III-de-Madrid,Centros-actividad-intercampus,no-informado,no-informado,no-informado,2021-12-31T00:00Z,2021140,0,2021140,0,0
036,Universidad-Carlos-III-de-Madrid,2022,TRANSFERENCIAS-CORRIENTES,DE-EMPRESAS-PRIVADAS,INGRESOS-DE-EMPRESAS-PRIVADAS,no-informado,no-informado,Universidad-Carlos-III-de-Madrid,Centros-actividad-intercampus,no-informado,no-informado,no-informado,2021-12-31T00:00Z,211000,0,211000,0,0
036,Universidad-Carlos-III-de-Madrid,2022,ACTIVOS-FINANCIEROS,REMANENTE-DE-TESORERIA,REMANENTES-DE-TESORERIA,REMANENTE-CORRIENTE,no-informado,Universidad-Carlos-III-de-Madrid,Centros-actividad-intercampus,no-informado,no-informado,no-informado,2021-12-31T00:00Z,133000,0,133000,0,0
036,Universidad-Carlos-III-de-Madrid,2022,TRANSFERENCIAS-CORRIENTES,DE-EMPRESAS-PRIVADAS,INGRESOS-DE-EMPRESAS-PRIVADAS,no-informado,no-informado,Universidad-Carlos-III-de-Madrid,Centros-actividad-intercampus,no-informado,no-informado,no-informado,2021-12-31T00:00Z,30500,0,30500,0,0
036,Universidad-Carlos-III-de-Madrid,2022,TRANSFERENCIAS-CORRIENTES,DEL-EXTERIOR,OTROS-INGRESOS-DE-LA-U.E.,no-informado,no-informado,Universidad-Carlos-III-de-Madrid,Centros-actividad-intercampus,no-informado,no-informado,no-informado,2021-12-31T00:00Z,2209931,0,2209931,0,0
036,Universidad-Carlos-III-de-Madrid,2022,TASAS-Y-OTROS-INGRESOS,REINTEGROS-DE-OPERACIONES-CORRIENTES,REINTEGROS-DE-EJERCICIOS-CERRADOS,no-informado,no-informado,Universidad-Carlos-III-de-Madrid,Centros-actividad-intercampus,no-informado,no-informado,no-informado,2021-12-31T00:00Z,0,0,0,0,0
036,Universidad-Carlos-III-de-Madrid,2022,TRANSFERENCIAS-CORRIENTES,DEL-EXTERIOR,OTROS-INGRESOS-DE-LA-U.E.,no-informado,no-informado,Universidad-Carlos-III-de-Madrid,Centros-actividad-intercampus,no-informado,no-informado,no-informado,2021-12-31T00:00Z,67291.6,0,67291.6,0,0
036,Universidad-Carlos-III-de-Madrid,2022,TRANSFERENCIAS-CORRIENTES,DEL-EXTERIOR,OTRAS-TRANSFERENCIAS-CORRIENTES-DEL-EXTERIOR,no-informado,no-informado,Universidad-Carlos-III-de-Madrid,Centros-actividad-intercampus,no-informado,no-informado,no-informado,2021-12-31T00:00Z,0,0,0,0,0
036,Universidad-Carlos-III-de-Madrid,2022,TRANSFERENCIAS-DE-CAPITAL,TRANSFERENCIAS-DE-CAPITAL-DEL-EXTERIOR,OTRAS-DEL-EXTERIOR,OTRAS-TRANSF-DEL-EXTERIOR,no-informado,Universidad-Carlos-III-de-Madrid,Centros-actividad-intercampus,no-informado,no-informado,no-informado,2021-12-31T00:00Z,447371,0,447371,0,0
036,Universidad-Carlos-III-de-Madrid,2022,ACTIVOS-FINANCIEROS,REMANENTE-DE-TESORERIA,REMANENTES-DE-TESORERIA,REMANENTE-DE-INVESTIGACION,no-informado,Universidad-Carlos-III-de-Madrid,Centros-actividad-intercampus,no-informado,no-informado,no-informado,2021-12-31T00:00Z,201500,0,201500,0,0
036,Universidad-Carlos-III-de-Madrid,2022,TASAS-Y-OTROS-INGRESOS,PRECIOS-PUBLICOS-POR-SERVICIOS-ACADEMICOS,INGRESOS-PROCEDENTES-DE-PRECIOS-PUBLICOS-NO-INCLUIDOS-EN-LOS-CONCEPTOS-ANTERIORES,ACTIVIDADES-CULTURALES,no-informado,Universidad-Carlos-III-de-Madrid,Centros-actividad-intercampus,no-informado,no-informado,no-informado,2021-12-31T00:00Z,79850,0,79850,0,0
036,Universidad-Carlos-III-de-Madrid,2022,TASAS-Y-OTROS-INGRESOS,PRECIOS-PUBLICOS-POR-SERVICIOS-ACADEMICOS,INGRESOS-PROCEDENTES-DE-PRECIOS-PUBLICOS-NO-INCLUIDOS-EN-LOS-CONCEPTOS-ANTERIORES,ACTIVIDADES-DEPORTIVAS,no-informado,Universidad-Carlos-III-de-Madrid,Centros-actividad-intercampus,no-informado,no-informado,no-informado,2021-12-31T00:00Z,575550,0,575550,0,0
036,Universidad-Carlos-III-de-Madrid,2022,TRANSFERENCIAS-CORRIENTES,DE-EMPRESAS-PRIVADAS,INGRESOS-DE-EMPRESAS-PRIVADAS,no-informado,no-informado,Universidad-Carlos-III-de-Madrid,Centros-actividad-intercampus,no-informado,no-informado,no-informado,2021-12-31T00:00Z,28744,0,28744,0,0
036,Universidad-Carlos-III-de-Madrid,2022,ACTIVOS-FINANCIEROS,REMANENTE-DE-TESORERIA,REMANENTES-DE-TESORERIA,REMANENTE-CORRIENTE,no-informado,Universidad-Carlos-III-de-Madrid,Centros-actividad-intercampus,no-informado,no-informado,no-informado,2021-12-31T00:00Z,2000,0,2000,0,0
036,Universidad-Carlos-III-de-Madrid,2022,TASAS-Y-OTROS-INGRESOS,PRECIOS-PUBLICOS-POR-SERVICIOS-ACADEMICOS,INGRESOS-PROCEDENTES-DE-PRECIOS-PUBLICOS-NO-INCLUIDOS-EN-LOS-CONCEPTOS-ANTERIORES,INGRESOS-AUDITORIO-PADRE-SOLER,no-informado,Universidad-Carlos-III-de-Madrid,Centros-actividad-intercampus,no-informado,no-informado,no-informado,2021-12-31T00:00Z,100,0,100,0,0
036,Universidad-Carlos-III-de-Madrid,2022,TRANSFERENCIAS-CORRIENTES,DE-EMPRESAS-PRIVADAS,INGRESOS-DE-EMPRESAS-PRIVADAS,no-informado,no-informado,Universidad-Carlos-III-de-Madrid,Centros-actividad-intercampus,no-informado,no-informado,no-informado,2021-12-31T00:00Z,4000,0,4000,0,0
036,Universidad-Carlos-III-de-Madrid,2022,INGRESOS-PATRIMONIALES,ALQUILER-DE-AULAS-E-INSTALACIONES,INGRESO-POR-USO-DE-INSTALACIONES,ALQUILER-DE-AULAS-E-INSTALACIONES,no-informado,Universidad-Carlos-III-de-Madrid,Centros-actividad-intercampus,no-informado,no-informado,no-informado,2021-12-31T00:00Z,85000,0,85000,0,0
036,Universidad-Carlos-III-de-Madrid,2022,TASAS-Y-OTROS-INGRESOS,PRECIOS-PUBLICOS-POR-SERVICIOS-ACADEMICOS,INGRESOS-PROCEDENTES-DE-PRECIOS-PUBLICOS-NO-INCLUIDOS-EN-LOS-CONCEPTOS-ANTERIORES,INGRESOS-ACTIVIDADES-DE-VERANO,no-informado,Universidad-Carlos-III-de-Madrid,Centros-actividad-intercampus,no-informado,no-informado,no-informado,2021-12-31T00:00Z,3200,0,3200,0,0
036,Universidad-Carlos-III-de-Madrid,2022,TRANSFERENCIAS-CORRIENTES,DE-COMUNIDADES-AUTONOMAS,TRANSFERENCIAS-CORRIENTES-DE-COMUNIDADES-AUTONOMAS,CAM-OTRAS-SUBVENCIONES,no-informado,Universidad-Carlos-III-de-Madrid,Centros-actividad-intercampus,no-informado,no-informado,no-informado,2021-12-31T00:00Z,280964.55,0,280964.55,0,0
036,Universidad-Carlos-III-de-Madrid,2022,TRANSFERENCIAS-CORRIENTES,DE-EMPRESAS-PRIVADAS,INGRESOS-DE-EMPRESAS-PRIVADAS,no-informado,no-informado,Universidad-Carlos-III-de-Madrid,Centros-actividad-intercampus,no-informado,no-informado,no-informado,2021-12-31T00:00Z,0,0,0,0,0
036,Universidad-Carlos-III-de-Madrid,2022,TASAS-Y-OTROS-INGRESOS,PRECIOS-PUBLICOS-POR-SERVICIOS-ACADEMICOS,INGRESOS-PROCEDENTES-DE-PRECIOS-PUBLICOS-NO-INCLUIDOS-EN-LOS-CONCEPTOS-ANTERIORES,ACTIVIDADES-DE-INFORMACION-JUVENIL-Y-ORIENTACION,no-informado,Universidad-Carlos-III-de-Madrid,Centros-actividad-intercampus,no-informado,no-informado,no-informado,2021-12-31T00:00Z,55000,0,55000,0,0
036,Universidad-Carlos-III-de-Madrid,2022,TASAS-Y-OTROS-INGRESOS,PRECIOS-PUBLICOS-POR-SERVICIOS-ACADEMICOS,INGRESOS-PROCEDENTES-DE-PRECIOS-PUBLICOS-NO-INCLUIDOS-EN-LOS-CONCEPTOS-ANTERIORES,CURSOS-Y-ACTIVIDADES,no-informado,Universidad-Carlos-III-de-Madrid,Centros-actividad-intercampus,no-informado,no-informado,no-informado,2021-12-31T00:00Z,10000,0,10000,0,0
036,Universidad-Carlos-III-de-Madrid,2022,ACTIVOS-FINANCIEROS,REMANENTE-DE-TESORERIA,REMANENTES-DE-TESORERIA,REMANENTE-CORRIENTE,no-informado,Universidad-Carlos-III-de-Madrid,Centros-actividad-intercampus,no-informado,no-informado,no-informado,2021-12-31T00:00Z,0,0,0,0,0
036,Universidad-Carlos-III-de-Madrid,2022,TASAS-Y-OTROS-INGRESOS,PRECIOS-PUBLICOS-POR-SERVICIOS-ACADEMICOS,INGRESOS-PROCEDENTES-DE-PRECIOS-PUBLICOS-NO-INCLUIDOS-EN-LOS-CONCEPTOS-ANTERIORES,PRESTAMO-INTERBIBLIOTECARIO,no-informado,Universidad-Carlos-III-de-Madrid,Centros-actividad-intercampus,no-informado,no-informado,no-informado,2021-12-31T00:00Z,4000,0,4000,0,0
036,Universidad-Carlos-III-de-Madrid,2022,TRANSFERENCIAS-CORRIENTES,DEL-EXTERIOR,OTRAS-TRANSFERENCIAS-CORRIENTES-DEL-EXTERIOR,no-informado,no-informado,Universidad-Carlos-III-de-Madrid,Centros-actividad-intercampus,no-informado,no-informado,no-informado,2021-12-31T00:00Z,0,0,0,0,0
036,Universidad-Carlos-III-de-Madrid,2022,ACTIVOS-FINANCIEROS,REMANENTE-DE-TESORERIA,REMANENTES-DE-TESORERIA,REMANENTE-CORRIENTE,no-informado,Universidad-Carlos-III-de-Madrid,Centros-actividad-intercampus,no-informado,no-informado,no-informado,2021-12-31T00:00Z,0,0,0,0,0
036,Universidad-Carlos-III-de-Madrid,2022,ACTIVOS-FINANCIEROS,REMANENTE-DE-TESORERIA,REMANENTES-DE-TESORERIA,REMANENTE-CORRIENTE,no-informado,Universidad-Carlos-III-de-Madrid,Centros-actividad-intercampus,no-informado,no-informado,no-informado,2021-12-31T00:00Z,0,0,0,0,0
036,Universidad-Carlos-III-de-Madrid,2022,TRANSFERENCIAS-CORRIENTES,DE-ORGANISMOS-AUTONOMOS-ADMINISTRATIVOS,INGRESOS-DE-OO.AA.,no-informado,no-informado,Universidad-Carlos-III-de-Madrid,Centros-actividad-intercampus,no-informado,no-informado,no-informado,2021-12-31T00:00Z,0,0,0,0,0
036,Universidad-Carlos-III-de-Madrid,2022,ACTIVOS-FINANCIEROS,REMANENTE-DE-TESORERIA,REMANENTES-DE-TESORERIA,REMANENTE-CORRIENTE,no-informado,Universidad-Carlos-III-de-Madrid,Centros-actividad-intercampus,no-informado,no-informado,no-informado,2021-12-31T00:00Z,0,0,0,0,0
036,Universidad-Carlos-III-de-Madrid,2022,ACTIVOS-FINANCIEROS,REMANENTE-DE-TESORERIA,REMANENTES-DE-TESORERIA,REMANENTE-DE-INVERSIONES,no-informado,Universidad-Carlos-III-de-Madrid,Centros-actividad-intercampus,no-informado,no-informado,no-informado,2021-12-31T00:00Z,0,0,0,0,0
036,Universidad-Carlos-III-de-Madrid,2022,ACTIVOS-FINANCIEROS,REMANENTE-DE-TESORERIA,REMANENTES-DE-TESORERIA,REMANENTE-CORRIENTE,no-informado,Universidad-Carlos-III-de-Madrid,Centros-actividad-intercampus,no-informado,no-informado,no-informado,2021-12-31T00:00Z,80000,0,80000,0,0
036,Universidad-Carlos-III-de-Madrid,2022,ACTIVOS-FINANCIEROS,REMANENTE-DE-TESORERIA,REMANENTES-DE-TESORERIA,REMANENTE-CORRIENTE,no-informado,Universidad-Carlos-III-de-Madrid,Centros-actividad-intercampus,no-informado,no-informado,no-informado,2021-12-31T00:00Z,0,0,0,0,0
036,Universidad-Carlos-III-de-Madrid,2022,TRANSFERENCIAS-CORRIENTES,DEL-EXTERIOR,OTRAS-TRANSFERENCIAS-CORRIENTES-DEL-EXTERIOR,no-informado,no-informado,Universidad-Carlos-III-de-Madrid,Centros-actividad-intercampus,no-informado,no-informado,no-informado,2021-12-31T00:00Z,0,0,0,0,0
036,Universidad-Carlos-III-de-Madrid,2022,ACTIVOS-FINANCIEROS,REMANENTE-DE-TESORERIA,REMANENTES-DE-TESORERIA,REMANENTE-CORRIENTE,no-informado,Universidad-Carlos-III-de-Madrid,Centros-actividad-intercampus,no-informado,no-informado,no-informado,2021-12-31T00:00Z,0,0,0,0,0
036,Universidad-Carlos-III-de-Madrid,2022,TRANSFERENCIAS-CORRIENTES,DEL-EXTERIOR,OTRAS-TRANSFERENCIAS-CORRIENTES-DEL-EXTERIOR,no-informado,no-informado,Universidad-Carlos-III-de-Madrid,Centros-actividad-intercampus,no-informado,no-informado,no-informado,2021-12-31T00:00Z,0,0,0,0,0
036,Universidad-Carlos-III-de-Madrid,2022,ACTIVOS-FINANCIEROS,REMANENTE-DE-TESORERIA,REMANENTES-DE-TESORERIA,REMANENTE-CORRIENTE,no-informado,Universidad-Carlos-III-de-Madrid,Centros-actividad-intercampus,no-informado,no-informado,no-informado,2021-12-31T00:00Z,6000,0,6000,0,0
036,Universidad-Carlos-III-de-Madrid,2022,ACTIVOS-FINANCIEROS,REMANENTE-DE-TESORERIA,REMANENTES-DE-TESORERIA,REMANENTE-CORRIENTE,no-informado,Universidad-Carlos-III-de-Madrid,Centros-actividad-intercampus,no-informado,no-informado,no-informado,2021-12-31T00:00Z,0,0,0,0,0
036,Universidad-Carlos-III-de-Madrid,2022,ACTIVOS-FINANCIEROS,REMANENTE-DE-TESORERIA,REMANENTES-DE-TESORERIA,REMANENTE-CORRIENTE,no-informado,Universidad-Carlos-III-de-Madrid,Centros-actividad-intercampus,no-informado,no-informado,no-informado,2021-12-31T00:00Z,0,0,0,0,0
036,Universidad-Carlos-III-de-Madrid,2022,ACTIVOS-FINANCIEROS,REMANENTE-DE-TESORERIA,REMANENTES-DE-TESORERIA,REMANENTE-DE-INVERSIONES,no-informado,Universidad-Carlos-III-de-Madrid,Centros-actividad-intercampus,no-informado,no-informado,no-informado,2021-12-31T00:00Z,0,0,0,0,0
036,Universidad-Carlos-III-de-Madrid,2022,ACTIVOS-FINANCIEROS,REMANENTE-DE-TESORERIA,REMANENTES-DE-TESORERIA,REMANENTE-CORRIENTE,no-informado,Universidad-Carlos-III-de-Madrid,Centros-actividad-intercampus,no-informado,no-informado,no-informado,2021-12-31T00:00Z,17000,0,17000,0,0
036,Universidad-Carlos-III-de-Madrid,2022,ACTIVOS-FINANCIEROS,REMANENTE-DE-TESORERIA,REMANENTES-DE-TESORERIA,REMANENTE-CORRIENTE,no-informado,Universidad-Carlos-III-de-Madrid,Centros-actividad-intercampus,no-informado,no-informado,no-informado,2021-12-31T00:00Z,8200,0,8200,0,0
036,Universidad-Carlos-III-de-Madrid,2022,ACTIVOS-FINANCIEROS,REMANENTE-DE-TESORERIA,REMANENTES-DE-TESORERIA,REMANENTE-CORRIENTE,no-informado,Universidad-Carlos-III-de-Madrid,Centros-actividad-intercampus,no-informado,no-informado,no-informado,2021-12-31T00:00Z,0,0,0,0,0
036,Universidad-Carlos-III-de-Madrid,2022,ACTIVOS-FINANCIEROS,REMANENTE-DE-TESORERIA,REMANENTES-DE-TESORERIA,REMANENTE-DE-INVERSIONES,no-informado,Universidad-Carlos-III-de-Madrid,Centros-actividad-intercampus,no-informado,no-informado,no-informado,2021-12-31T00:00Z,0,0,0,0,0
036,Universidad-Carlos-III-de-Madrid,2022,ACTIVOS-FINANCIEROS,REMANENTE-DE-TESORERIA,REMANENTES-DE-TESORERIA,REMANENTE-CORRIENTE,no-informado,Universidad-Carlos-III-de-Madrid,Centros-actividad-intercampus,no-informado,no-informado,no-informado,2021-12-31T00:00Z,27000,0,27000,0,0
036,Universidad-Carlos-III-de-Madrid,2022,ACTIVOS-FINANCIEROS,REMANENTE-DE-TESORERIA,REMANENTES-DE-TESORERIA,REMANENTE-CORRIENTE,no-informado,Universidad-Carlos-III-de-Madrid,Centros-actividad-intercampus,no-informado,no-informado,no-informado,2021-12-31T00:00Z,0,0,0,0,0
036,Universidad-Carlos-III-de-Madrid,2022,ACTIVOS-FINANCIEROS,REMANENTE-DE-TESORERIA,REMANENTES-DE-TESORERIA,REMANENTE-CORRIENTE,no-informado,Universidad-Carlos-III-de-Madrid,Centros-actividad-intercampus,no-informado,no-informado,no-informado,2021-12-31T00:00Z,0,0,0,0,0
036,Universidad-Carlos-III-de-Madrid,2022,ACTIVOS-FINANCIEROS,REMANENTE-DE-TESORERIA,REMANENTES-DE-TESORERIA,REMANENTE-DE-INVESTIGACION,no-informado,Universidad-Carlos-III-de-Madrid,Centros-actividad-intercampus,no-informado,no-informado,no-informado,2021-12-31T00:00Z,0,0,0,0,0
036,Universidad-Carlos-III-de-Madrid,2022,TRANSFERENCIAS-DE-CAPITAL,TRANSFERENCIAS-DE-CAPITAL-DE-LA-ADMINISTRACION-DEL-ESTADO,OTRAS-TRANSFERENCIAS-DE-CAPITAL,OTROS-INGRESOS-PARA-INVESTIGACION,no-informado,Universidad-Carlos-III-de-Madrid,Centros-actividad-intercampus,no-informado,no-informado,no-informado,2021-12-31T00:00Z,1200000,0,1200000,0,0
036,Universidad-Carlos-III-de-Madrid,2022,TRANSFERENCIAS-DE-CAPITAL,TRANSFERENCIAS-DE-CAPITAL-DE-LA-ADMINISTRACION-DEL-ESTADO,TRANSFERENCIA-CAPITAL-DE-OTROS-DPTOS-MINISTERIALES,INGRESOS-OTROS-MINISTERIOS-PARA-INVESTIGACION,no-informado,Universidad-Carlos-III-de-Madrid,Centros-actividad-intercampus,no-informado,no-informado,no-informado,2021-12-31T00:00Z,0,0,0,0,0
036,Universidad-Carlos-III-de-Madrid,2022,TRANSFERENCIAS-DE-CAPITAL,TRANSFERENCIAS-DE-CAPITAL-DE-LA-ADMINISTRACION-DEL-ESTADO,OTRAS-TRANSFERENCIAS-DE-CAPITAL,OTROS-INGRESOS-PARA-INVESTIGACION,no-informado,Universidad-Carlos-III-de-Madrid,Centros-actividad-intercampus,no-informado,no-informado,no-informado,2021-12-31T00:00Z,800000,0,800000,0,0
036,Universidad-Carlos-III-de-Madrid,2022,TRANSFERENCIAS-DE-CAPITAL,TRANSF-CAPITAL-DE-OTROS-OOAA-ADMINISTRATIVOS,DE-ORGANISMOS-AUTONOMOS-ADMINISTRATIVOS,INGRESOS-DE-OOAA-PARA-INVESTIGACION,no-informado,Universidad-Carlos-III-de-Madrid,Centros-actividad-intercampus,no-informado,no-informado,no-informado,2021-12-31T00:00Z,0,0,0,0,0
036,Universidad-Carlos-III-de-Madrid,2022,TRANSFERENCIAS-DE-CAPITAL,TRANSFERENCIA-DE-CAPITAL-DE-CCAA,DE-COMUNIDADES-AUTONOMAS-CM,INGRESOS-CAM-PARA-INVESTIGACION,no-informado,Universidad-Carlos-III-de-Madrid,Centros-actividad-intercampus,no-informado,no-informado,no-informado,2021-12-31T00:00Z,0,0,0,0,0
036,Universidad-Carlos-III-de-Madrid,2022,TASAS-Y-OTROS-INGRESOS,OTROS-INGRESOS-PROCEDENTES-DE-PRESTACION-DE-SERVICIOS,OTROS-INGRESOS-VARIOS-POR-PRESTACION-DE-SERVICIO,no-informado,no-informado,Universidad-Carlos-III-de-Madrid,Centros-actividad-intercampus,no-informado,no-informado,no-informado,2021-12-31T00:00Z,100000,0,100000,0,0
036,Universidad-Carlos-III-de-Madrid,2022,TASAS-Y-OTROS-INGRESOS,REINTEGROS-DE-OPERACIONES-CORRIENTES,REINTEGROS-DE-EJERCICIOS-CERRADOS,no-informado,no-informado,Universidad-Carlos-III-de-Madrid,Centros-actividad-intercampus,no-informado,no-informado,no-informado,2021-12-31T00:00Z,0,0,0,0,0
036,Universidad-Carlos-III-de-Madrid,2022,TRANSFERENCIAS-DE-CAPITAL,TRANSFERENCIAS-DE-CAPITAL-DE-LA-ADMINISTRACION-DEL-ESTADO,TRANSFERENCIAS-CAPITAL-DEL-MEC,INGRESOS-DEL-MEC-PARA-INVESTIGACION,no-informado,Universidad-Carlos-III-de-Madrid,Centros-actividad-intercampus,no-informado,no-informado,no-informado,2021-12-31T00:00Z,750000,0,750000,0,0
036,Universidad-Carlos-III-de-Madrid,2022,TRANSFERENCIAS-DE-CAPITAL,TRANSFERENCIAS-DE-CAPITAL-DE-LA-ADMINISTRACION-DEL-ESTADO,TRANSFERENCIA-CAPITAL-DE-OTROS-DPTOS-MINISTERIALES,INGRESOS-OTROS-MINISTERIOS-PARA-INVESTIGACION,no-informado,Universidad-Carlos-III-de-Madrid,Centros-actividad-intercampus,no-informado,no-informado,no-informado,2021-12-31T00:00Z,3500000,0,3500000,0,0
036,Universidad-Carlos-III-de-Madrid,2022,TRANSFERENCIAS-DE-CAPITAL,TRANSFERENCIAS-DE-CAPITAL-DE-LA-ADMINISTRACION-DEL-ESTADO,OTRAS-TRANSFERENCIAS-DE-CAPITAL,OTROS-INGRESOS-PARA-INVESTIGACION,no-informado,Universidad-Carlos-III-de-Madrid,Centros-actividad-intercampus,no-informado,no-informado,no-informado,2021-12-31T00:00Z,950000,0,950000,0,0
036,Universidad-Carlos-III-de-Madrid,2022,TRANSFERENCIAS-DE-CAPITAL,TRANSF-CAPITAL-DE-OTROS-OOAA-ADMINISTRATIVOS,DE-ORGANISMOS-AUTONOMOS-ADMINISTRATIVOS,INGRESOS-DE-OOAA-PARA-INVESTIGACION,no-informado,Universidad-Carlos-III-de-Madrid,Centros-actividad-intercampus,no-informado,no-informado,no-informado,2021-12-31T00:00Z,5000000,0,5000000,0,0
036,Universidad-Carlos-III-de-Madrid,2022,TRANSFERENCIAS-DE-CAPITAL,DE-SOCIE-MERCANTILES-ESTATALES;ENT.EMPRE-Y-OTROS-OOPP,TRANS-CAPITAL-SOCIEDADES-MERCANTILES-ESTATALES,INGRESOS-DE-EMPRESAS-PUBLICAS-PARA-INVESTIGACION,no-informado,Universidad-Carlos-III-de-Madrid,Centros-actividad-intercampus,no-informado,no-informado,no-informado,2021-12-31T00:00Z,105000,0,105000,0,0
036,Universidad-Carlos-III-de-Madrid,2022,TRANSFERENCIAS-DE-CAPITAL,TRANSFERENCIA-DE-CAPITAL-DE-CCAA,DE-COMUNIDADES-AUTONOMAS-CM,INGRESOS-CAM-PARA-INVESTIGACION,no-informado,Universidad-Carlos-III-de-Madrid,Centros-actividad-intercampus,no-informado,no-informado,no-informado,2021-12-31T00:00Z,2500000,0,2500000,0,0
036,Universidad-Carlos-III-de-Madrid,2022,TRANSFERENCIAS-DE-CAPITAL,TRANSFERENCIA-DE-CAPITAL-DE-CCAA,TRANSFERENCIA-COMUNIDAD-DE-MADRID-SOCIOS,TRANSFERENCIA-COMUNIDAD-DE-MADRID-SOCIOS-INVESTIGACION,no-informado,Universidad-Carlos-III-de-Madrid,Centros-actividad-intercampus,no-informado,no-informado,no-informado,2021-12-31T00:00Z,1000000,0,1000000,0,0
036,Universidad-Carlos-III-de-Madrid,2022,TRANSFERENCIAS-DE-CAPITAL,TRANSFERENCIAS-DE-CAPITAL-DE-ENTIDADES-LOCALES,DE-AYUNTAMIENTOS,INGRESOS-DE-AYUNTAMIENTOS-PARA-INVESTIGACION,no-informado,Universidad-Carlos-III-de-Madrid,Centros-actividad-intercampus,no-informado,no-informado,no-informado,2021-12-31T00:00Z,100000,0,100000,0,0
036,Universidad-Carlos-III-de-Madrid,2022,TRANSFERENCIAS-DE-CAPITAL,TRANSFERENCIAS-DE-CAPITAL-EMPRESAS-PRIVADAS,TRANSFERENCIAS-DE-CAPITAL-EMPRESAS-PRIVADAS,INGRESOS-DE-EMPRESAS-PRIVADAS-PARA-INVESTIGACION,no-informado,Universidad-Carlos-III-de-Madrid,Centros-actividad-intercampus,no-informado,no-informado,no-informado,2021-12-31T00:00Z,4600000,0,4600000,0,0
036,Universidad-Carlos-III-de-Madrid,2022,TRANSFERENCIAS-DE-CAPITAL,TRANSFERENCIAS-DE-CAPITAL-DE-FAMILIAS-E-INSTITUCIONES,TRANSFERENCIAS-DE-CAPITAL-DE-FAMILIAS-E-INSTITUCIONES-SIN-FINES-DE-LUCRO,INGRESOS-DE-FUNDACIONES-PARA-INVESTIGACION,no-informado,Universidad-Carlos-III-de-Madrid,Centros-actividad-intercampus,no-informado,no-informado,no-informado,2021-12-31T00:00Z,1160000,0,1160000,0,0
036,Universidad-Carlos-III-de-Madrid,2022,TRANSFERENCIAS-DE-CAPITAL,TRANSFERENCIAS-DE-CAPITAL-DEL-EXTERIOR,SUBVENCIONES-DE-LA-UNION-EUROPEA,TRANSFERENCIAS-DE-LA-UE-PARA-SOCIOS-INVESTIGACION,no-informado,Universidad-Carlos-III-de-Madrid,Centros-actividad-intercampus,no-informado,no-informado,no-informado,2021-12-31T00:00Z,18450000,0,18450000,0,0
036,Universidad-Carlos-III-de-Madrid,2022,TRANSFERENCIAS-DE-CAPITAL,TRANSFERENCIAS-DE-CAPITAL-DEL-EXTERIOR,SUBV-PROY-INVEST-C.E.E.,INGRESOS-DE-LA-UNION-EUROPEA-PARA-INVESTIGACION,no-informado,Universidad-Carlos-III-de-Madrid,Centros-actividad-intercampus,no-informado,no-informado,no-informado,2021-12-31T00:00Z,5000000,0,5000000,0,0
036,Universidad-Carlos-III-de-Madrid,2022,TRANSFERENCIAS-DE-CAPITAL,TRANSFERENCIAS-DE-CAPITAL-DEL-EXTERIOR,OTRAS-DEL-EXTERIOR,OTRAS-TRANSF-DEL-EXTERIOR,no-informado,Universidad-Carlos-III-de-Madrid,Centros-actividad-intercampus,no-informado,no-informado,no-informado,2021-12-31T00:00Z,2500000,0,2500000,0,0
036,Universidad-Carlos-III-de-Madrid,2022,ACTIVOS-FINANCIEROS,REMANENTE-DE-TESORERIA,REMANENTES-DE-TESORERIA,REMANENTE-DE-INVESTIGACION,no-informado,Universidad-Carlos-III-de-Madrid,Centros-actividad-intercampus,no-informado,no-informado,no-informado,2021-12-31T00:00Z,12880000,0,12880000,0,0
036,Universidad-Carlos-III-de-Madrid,2022,PASIVOS-FINANCIEROS,PRESTAMOS-RECIBIDOS-EN-MONEDA-NACIONAL,PRESTAMOS-RECIBIDOS-A-L/P-DE-ENTES-DEL-SECTOR-PUBLICO,no-informado,no-informado,Universidad-Carlos-III-de-Madrid,Centros-actividad-intercampus,no-informado,no-informado,no-informado,2021-12-31T00:00Z,0,0,0,0,0
036,Universidad-Carlos-III-de-Madrid,2022,ACTIVOS-FINANCIEROS,REMANENTE-DE-TESORERIA,REMANENTES-DE-TESORERIA,REMANENTE-CORRIENTE,no-informado,Universidad-Carlos-III-de-Madrid,Centros-actividad-intercampus,no-informado,no-informado,no-informado,2021-12-31T00:00Z,0,0,0,0,0
036,Universidad-Carlos-III-de-Madrid,2022,TRANSFERENCIAS-CORRIENTES,DE-ORGANISMOS-AUTONOMOS-ADMINISTRATIVOS,INGRESOS-DE-OO.AA.,no-informado,no-informado,Universidad-Carlos-III-de-Madrid,Centros-actividad-intercampus,no-informado,no-informado,no-informado,2021-12-31T00:00Z,200000,0,200000,0,0
036,Universidad-Carlos-III-de-Madrid,2022,TASAS-Y-OTROS-INGRESOS,PRECIOS-PUBLICOS-POR-SERVICIOS-ACADEMICOS,INGRESOS-PROCEDENTES-DE-PRECIOS-PUBLICOS-EN-CONC-MATRICULA-TIT-OF-CUR.,INGRESOS-MATRICULAS-OFICIALES,no-informado,Universidad-Carlos-III-de-Madrid,Centros-actividad-intercampus,no-informado,no-informado,no-informado,2021-12-31T00:00Z,0,0,0,0,0
036,Universidad-Carlos-III-de-Madrid,2022,ACTIVOS-FINANCIEROS,REMANENTE-DE-TESORERIA,REMANENTES-DE-TESORERIA,REMANENTE-CORRIENTE,no-informado,Universidad-Carlos-III-de-Madrid,Centros-actividad-intercampus,no-informado,no-informado,no-informado,2021-12-31T00:00Z,0,0,0,0,0
036,Universidad-Carlos-III-de-Madrid,2022,TASAS-Y-OTROS-INGRESOS,OTROS-INGRESOS-PROCEDENTES-DE-PRESTACION-DE-SERVICIOS,OTROS-INGRESOS-VARIOS-POR-PRESTACION-DE-SERVICIO,no-informado,no-informado,Universidad-Carlos-III-de-Madrid,Centros-actividad-intercampus,no-informado,no-informado,no-informado,2021-12-31T00:00Z,0,0,0,0,0
036,Universidad-Carlos-III-de-Madrid,2022,ACTIVOS-FINANCIEROS,REMANENTE-DE-TESORERIA,REMANENTES-DE-TESORERIA,REMANENTE-CORRIENTE,no-informado,Universidad-Carlos-III-de-Madrid,Centros-actividad-intercampus,no-informado,no-informado,no-informado,2021-12-31T00:00Z,0,0,0,0,0
036,Universidad-Carlos-III-de-Madrid,2022,INGRESOS-PATRIMONIALES,PRODUCTOS-DE-CONCESIONES-Y-APROVECHAMIENTOS-ESPECIALES,INGRESOS-DERIVADOS-DE-CONCESIONES-DE-SERVICIOS-CAFETERIA-REPROGRAFIA,no-informado,no-informado,Universidad-Carlos-III-de-Madrid,Centros-actividad-intercampus,no-informado,no-informado,no-informado,2021-12-31T00:00Z,104202.5,0,104202.5,0,0
036,Universidad-Carlos-III-de-Madrid,2022,ACTIVOS-FINANCIEROS,REMANENTE-DE-TESORERIA,REMANENTES-DE-TESORERIA,REMANENTE-CORRIENTE,no-informado,Universidad-Carlos-III-de-Madrid,Centros-actividad-intercampus,no-informado,no-informado,no-informado,2021-12-31T00:00Z,0,0,0,0,0
036,Universidad-Carlos-III-de-Madrid,2022,ACTIVOS-FINANCIEROS,REMANENTE-DE-TESORERIA,REMANENTES-DE-TESORERIA,REMANENTE-CORRIENTE,no-informado,Universidad-Carlos-III-de-Madrid,Centros-actividad-intercampus,no-informado,no-informado,no-informado,2021-12-31T00:00Z,0,0,0,0,0
036,Universidad-Carlos-III-de-Madrid,2022,TRANSFERENCIAS-CORRIENTES,DEL-EXTERIOR,OTROS-INGRESOS-DE-LA-U.E.,no-informado,no-informado,Universidad-Carlos-III-de-Madrid,Centros-actividad-intercampus,no-informado,no-informado,no-informado,2021-12-31T00:00Z,0,0,0,0,0
036,Universidad-Carlos-III-de-Madrid,2022,ACTIVOS-FINANCIEROS,REMANENTE-DE-TESORERIA,REMANENTES-DE-TESORERIA,REMANENTE-CORRIENTE,no-informado,Universidad-Carlos-III-de-Madrid,Centros-actividad-intercampus,no-informado,no-informado,no-informado,2021-12-31T00:00Z,6000,0,6000,0,0
036,Universidad-Carlos-III-de-Madrid,2022,TRANSFERENCIAS-CORRIENTES,DE-EMPRESAS-PRIVADAS,INGRESOS-DE-EMPRESAS-PRIVADAS,no-informado,no-informado,Universidad-Carlos-III-de-Madrid,Centros-actividad-intercampus,no-informado,no-informado,no-informado,2021-12-31T00:00Z,1500000,0,1500000,0,0
036,Universidad-Carlos-III-de-Madrid,2022,TRANSFERENCIAS-CORRIENTES,SUBVENCIONES-DE-LA-ADMINISTRACION-DEL-ESTADO,INGRESOS-DE-OTROS-DEPARTAMENTOS,no-informado,no-informado,Universidad-Carlos-III-de-Madrid,Centros-actividad-intercampus,no-informado,no-informado,no-informado,2021-12-31T00:00Z,1450000,0,1450000,0,0
036,Universidad-Carlos-III-de-Madrid,2022,TRANSFERENCIAS-CORRIENTES,DE-ORGANISMOS-AUTONOMOS-ADMINISTRATIVOS,INGRESOS-DE-OO.AA.,no-informado,no-informado,Universidad-Carlos-III-de-Madrid,Centros-actividad-intercampus,no-informado,no-informado,no-informado,2021-12-31T00:00Z,1000000,0,1000000,0,0
036,Universidad-Carlos-III-de-Madrid,2022,TRANSFERENCIAS-CORRIENTES,DE-COMUNIDADES-AUTONOMAS,TRANSFERENCIAS-CORRIENTES-DE-COMUNIDADES-AUTONOMAS,CAM-OTRAS-SUBVENCIONES,no-informado,Universidad-Carlos-III-de-Madrid,Centros-actividad-intercampus,no-informado,no-informado,no-informado,2021-12-31T00:00Z,500000,0,500000,0,0
036,Universidad-Carlos-III-de-Madrid,2022,TASAS-Y-OTROS-INGRESOS,PRECIOS-PUBLICOS-POR-SERVICIOS-ACADEMICOS,INGRESOS-PROCEDENTES-DE-PRECIOS-PUBLICOS-EN-CONC-MATRICULA-TIT-OF-CUR.,INGRESOS-POR-MATRICULAS-DE-MASTERES-P-Y-CURSOS,no-informado,Universidad-Carlos-III-de-Madrid,Centros-actividad-intercampus,no-informado,no-informado,no-informado,2021-12-31T00:00Z,4140000,0,4140000,0,0
036,Universidad-Carlos-III-de-Madrid,2022,TRANSFERENCIAS-CORRIENTES,DE-ORGANISMOS-AUTONOMOS-ADMINISTRATIVOS,INGRESOS-DE-OO.AA.,no-informado,no-informado,Universidad-Carlos-III-de-Madrid,Centros-actividad-intercampus,no-informado,no-informado,no-informado,2021-12-31T00:00Z,10000,0,10000,0,0
036,Universidad-Carlos-III-de-Madrid,2022,TRANSFERENCIAS-CORRIENTES,DE-EMPRESAS-PRIVADAS,INGRESOS-DE-EMPRESAS-PRIVADAS,no-informado,no-informado,Universidad-Carlos-III-de-Madrid,Centros-actividad-intercampus,no-informado,no-informado,no-informado,2021-12-31T00:00Z,50000,0,50000,0,0
036,Universidad-Carlos-III-de-Madrid,2022,TRANSFERENCIAS-CORRIENTES,DE-FAMILIAS-E-INSTITUCIONES-SIN-ANIMO-DE-LUCRO,INGRESOS-DE-FUNDACIONES,no-informado,no-informado,Universidad-Carlos-III-de-Madrid,Centros-actividad-intercampus,no-informado,no-informado,no-informado,2021-12-31T00:00Z,10000,0,10000,0,0
036,Universidad-Carlos-III-de-Madrid,2022,TASAS-Y-OTROS-INGRESOS,PRECIOS-PUBLICOS-POR-SERVICIOS-ACADEMICOS,INGRESOS-PROCEDENTES-DE-PRECIOS-PUBLICOS-EN-CONC-MATRICULA-TIT-OF-CUR.,INGRESOS-MATRICULAS-OFICIALES,no-informado,Universidad-Carlos-III-de-Madrid,Centros-actividad-intercampus,no-informado,no-informado,no-informado,2021-12-31T00:00Z,12700000,0,12700000,0,0
036,Universidad-Carlos-III-de-Madrid,2022,TRANSFERENCIAS-CORRIENTES,DE-EMPRESAS-PRIVADAS,INGRESOS-DE-EMPRESAS-PRIVADAS,no-informado,no-informado,Universidad-Carlos-III-de-Madrid,Centros-actividad-intercampus,no-informado,no-informado,no-informado,2021-12-31T00:00Z,30000,0,30000,0,0
036,Universidad-Carlos-III-de-Madrid,2022,TRANSFERENCIAS-CORRIENTES,DE-FAMILIAS-E-INSTITUCIONES-SIN-ANIMO-DE-LUCRO,INGRESOS-DE-FUNDACIONES,no-informado,no-informado,Universidad-Carlos-III-de-Madrid,Centros-actividad-intercampus,no-informado,no-informado,no-informado,2021-12-31T00:00Z,10000,0,10000,0,0
036,Universidad-Carlos-III-de-Madrid,2022,TASAS-Y-OTROS-INGRESOS,PRECIOS-PUBLICOS-POR-SERVICIOS-ACADEMICOS,INGRESOS-PROCEDENTES-DE-PRECIOS-PUBLICOS-EN-CONC-MATRICULA-TIT-OF-CUR.,INGRESOS-POR-MATRICULAS-DE-MASTERES-P-Y-CURSOS,no-informado,Universidad-Carlos-III-de-Madrid,Centros-actividad-intercampus,no-informado,no-informado,no-informado,2021-12-31T00:00Z,212000,0,212000,0,0
036,Universidad-Carlos-III-de-Madrid,2022,ACTIVOS-FINANCIEROS,REMANENTE-DE-TESORERIA,REMANENTES-DE-TESORERIA,REMANENTE-CORRIENTE,no-informado,Universidad-Carlos-III-de-Madrid,Centros-actividad-intercampus,no-informado,no-informado,no-informado,2021-12-31T00:00Z,0,0,0,0,0
036,Universidad-Carlos-III-de-Madrid,2022,ACTIVOS-FINANCIEROS,REMANENTE-DE-TESORERIA,REMANENTES-DE-TESORERIA,REMANENTE-CORRIENTE,no-informado,Universidad-Carlos-III-de-Madrid,Centros-actividad-intercampus,no-informado,no-informado,no-informado,2021-12-31T00:00Z,0,0,0,0,0
036,Universidad-Carlos-III-de-Madrid,2022,ACTIVOS-FINANCIEROS,REMANENTE-DE-TESORERIA,REMANENTES-DE-TESORERIA,REMANENTE-CORRIENTE,no-informado,Universidad-Carlos-III-de-Madrid,Centros-actividad-intercampus,no-informado,no-informado,no-informado,2021-12-31T00:00Z,0,0,0,0,0
036,Universidad-Carlos-III-de-Madrid,2022,ACTIVOS-FINANCIEROS,REMANENTE-DE-TESORERIA,REMANENTES-DE-TESORERIA,REMANENTE-DE-INVERSIONES,no-informado,Universidad-Carlos-III-de-Madrid,Centros-actividad-intercampus,no-informado,no-informado,no-informado,2021-12-31T00:00Z,0,0,0,0,0
036,Universidad-Carlos-III-de-Madrid,2022,ACTIVOS-FINANCIEROS,REMANENTE-DE-TESORERIA,REMANENTES-DE-TESORERIA,REMANENTE-CORRIENTE,no-informado,Universidad-Carlos-III-de-Madrid,Campus-de-Colmenarejo,no-informado,no-informado,no-informado,2021-12-31T00:00Z,0,0,0,0,0
036,Universidad-Carlos-III-de-Madrid,2022,ACTIVOS-FINANCIEROS,REMANENTE-DE-TESORERIA,REMANENTES-DE-TESORERIA,REMANENTE-DE-INVERSIONES,no-informado,Universidad-Carlos-III-de-Madrid,Campus-de-Colmenarejo,no-informado,no-informado,no-informado,2021-12-31T00:00Z,0,0,0,0,0
036,Universidad-Carlos-III-de-Madrid,2022,INGRESOS-PATRIMONIALES,ALQUILER-DE-AULAS-E-INSTALACIONES,INGRESO-POR-USO-DE-INSTALACIONES,ALQUILER-DE-APARCAMIENTO,no-informado,Universidad-Carlos-III-de-Madrid,Campus-de-Colmenarejo,no-informado,no-informado,no-informado,2021-12-31T00:00Z,0,0,0,0,0
036,Universidad-Carlos-III-de-Madrid,2022,TASAS-Y-OTROS-INGRESOS,INGRESOS-DIVERSOS,INGRESOS-DIVERSOS,INGRESOS-DIVERSOS,no-informado,Universidad-Carlos-III-de-Madrid,Campus-de-Getafe,no-informado,no-informado,no-informado,2021-12-31T00:00Z,1800,0,1800,0,0
036,Universidad-Carlos-III-de-Madrid,2022,TASAS-Y-OTROS-INGRESOS,REINTEGROS-DE-OPERACIONES-CORRIENTES,REINTEGROS-DE-EJERCICIOS-CERRADOS,no-informado,no-informado,Universidad-Carlos-III-de-Madrid,Campus-de-Getafe,no-informado,no-informado,no-informado,2021-12-31T00:00Z,0,0,0,0,0
036,Universidad-Carlos-III-de-Madrid,2022,ACTIVOS-FINANCIEROS,REMANENTE-DE-TESORERIA,REMANENTES-DE-TESORERIA,REMANENTE-CORRIENTE,no-informado,Universidad-Carlos-III-de-Madrid,Campus-de-Getafe,no-informado,no-informado,no-informado,2021-12-31T00:00Z,0,0,0,0,0
036,Universidad-Carlos-III-de-Madrid,2022,ACTIVOS-FINANCIEROS,REMANENTE-DE-TESORERIA,REMANENTES-DE-TESORERIA,REMANENTE-CORRIENTE,no-informado,Universidad-Carlos-III-de-Madrid,Campus-de-Getafe,no-informado,no-informado,no-informado,2021-12-31T00:00Z,0,0,0,0,0
036,Universidad-Carlos-III-de-Madrid,2022,INGRESOS-PATRIMONIALES,ALQUILER-DE-AULAS-E-INSTALACIONES,INGRESO-POR-USO-DE-INSTALACIONES,ALQUILER-DE-AULAS-E-INSTALACIONES,no-informado,Universidad-Carlos-III-de-Madrid,Campus-de-Getafe,no-informado,no-informado,no-informado,2021-12-31T00:00Z,10000,0,10000,0,0
036,Universidad-Carlos-III-de-Madrid,2022,INGRESOS-PATRIMONIALES,ALQUILER-DE-AULAS-E-INSTALACIONES,INGRESO-POR-USO-DE-INSTALACIONES,ALQUILER-DE-APARCAMIENTO,no-informado,Universidad-Carlos-III-de-Madrid,Campus-de-Getafe,no-informado,no-informado,no-informado,2021-12-31T00:00Z,75000,0,75000,0,0
036,Universidad-Carlos-III-de-Madrid,2022,ACTIVOS-FINANCIEROS,REMANENTE-DE-TESORERIA,REMANENTES-DE-TESORERIA,REMANENTE-CORRIENTE,no-informado,Universidad-Carlos-III-de-Madrid,Campus-de-Getafe,no-informado,no-informado,no-informado,2021-12-31T00:00Z,0,0,0,0,0
036,Universidad-Carlos-III-de-Madrid,2022,ACTIVOS-FINANCIEROS,REMANENTE-DE-TESORERIA,REMANENTES-DE-TESORERIA,REMANENTE-DE-INVERSIONES,no-informado,Universidad-Carlos-III-de-Madrid,Campus-de-Getafe,no-informado,no-informado,no-informado,2021-12-31T00:00Z,0,0,0,0,0
036,Universidad-Carlos-III-de-Madrid,2022,ACTIVOS-FINANCIEROS,REMANENTE-DE-TESORERIA,REMANENTES-DE-TESORERIA,REMANENTE-CORRIENTE,no-informado,Universidad-Carlos-III-de-Madrid,Campus-de-Getafe,no-informado,no-informado,no-informado,2021-12-31T00:00Z,0,0,0,0,0
036,Universidad-Carlos-III-de-Madrid,2022,TASAS-Y-OTROS-INGRESOS,OTROS-INGRESOS-PROCEDENTES-DE-PRESTACION-DE-SERVICIOS,OTROS-INGRESOS-VARIOS-POR-PRESTACION-DE-SERVICIO,no-informado,no-informado,Universidad-Carlos-III-de-Madrid,Campus-de-Getafe,no-informado,no-informado,no-informado,2021-12-31T00:00Z,0,0,0,0,0
036,Universidad-Carlos-III-de-Madrid,2022,TASAS-Y-OTROS-INGRESOS,REINTEGROS-DE-OPERACIONES-CORRIENTES,REINTEGROS-DE-EJERCICIOS-CERRADOS,no-informado,no-informado,Universidad-Carlos-III-de-Madrid,Campus-de-Getafe,no-informado,no-informado,no-informado,2021-12-31T00:00Z,0,0,0,0,0
036,Universidad-Carlos-III-de-Madrid,2022,TASAS-Y-OTROS-INGRESOS,PRECIOS-PUBLICOS-POR-SERVICIOS-ACADEMICOS,INGRESOS-PROCEDENTES-DE-PRECIOS-PUBLICOS-EN-CONC-MATRICULA-TIT-OF-CUR.,INGRESOS-POR-MATRICULAS-DE-MASTERES-P-Y-CURSOS,no-informado,Universidad-Carlos-III-de-Madrid,Campus-de-Getafe,no-informado,no-informado,no-informado,2021-12-31T00:00Z,15000,0,15000,0,0
036,Universidad-Carlos-III-de-Madrid,2022,TRANSFERENCIAS-CORRIENTES,DE-EMPRESAS-PRIVADAS,INGRESOS-DE-EMPRESAS-PRIVADAS,no-informado,no-informado,Universidad-Carlos-III-de-Madrid,Campus-de-Getafe,no-informado,no-informado,no-informado,2021-12-31T00:00Z,13000,0,13000,0,0
036,Universidad-Carlos-III-de-Madrid,2022,TRANSFERENCIAS-CORRIENTES,DE-FAMILIAS-E-INSTITUCIONES-SIN-ANIMO-DE-LUCRO,INGRESOS-DE-FUNDACIONES,no-informado,no-informado,Universidad-Carlos-III-de-Madrid,Campus-de-Getafe,no-informado,no-informado,no-informado,2021-12-31T00:00Z,6000,0,6000,0,0
036,Universidad-Carlos-III-de-Madrid,2022,ACTIVOS-FINANCIEROS,REMANENTE-DE-TESORERIA,REMANENTES-DE-TESORERIA,REMANENTE-CORRIENTE,no-informado,Universidad-Carlos-III-de-Madrid,Campus-de-Getafe,no-informado,no-informado,no-informado,2021-12-31T00:00Z,53000,0,53000,0,0
036,Universidad-Carlos-III-de-Madrid,2022,TRANSFERENCIAS-CORRIENTES,DE-ORGANISMOS-AUTONOMOS-ADMINISTRATIVOS,INGRESOS-DE-OO.AA.,no-informado,no-informado,Universidad-Carlos-III-de-Madrid,Campus-de-Getafe,no-informado,no-informado,no-informado,2021-12-31T00:00Z,0,0,0,0,0
036,Universidad-Carlos-III-de-Madrid,2022,TRANSFERENCIAS-CORRIENTES,DE-EMPRESAS-PRIVADAS,INGRESOS-DE-EMPRESAS-PRIVADAS,no-informado,no-informado,Universidad-Carlos-III-de-Madrid,Campus-de-Getafe,no-informado,no-informado,no-informado,2021-12-31T00:00Z,2834,0,2834,0,0
036,Universidad-Carlos-III-de-Madrid,2022,ACTIVOS-FINANCIEROS,REMANENTE-DE-TESORERIA,REMANENTES-DE-TESORERIA,REMANENTE-DE-INVESTIGACION,no-informado,Universidad-Carlos-III-de-Madrid,Campus-de-Getafe,no-informado,no-informado,no-informado,2021-12-31T00:00Z,16200,0,16200,0,0
036,Universidad-Carlos-III-de-Madrid,2022,TRANSFERENCIAS-CORRIENTES,DE-EMPRESAS-PRIVADAS,INGRESOS-DE-EMPRESAS-PRIVADAS,no-informado,no-informado,Universidad-Carlos-III-de-Madrid,Campus-de-Getafe,no-informado,no-informado,no-informado,2021-12-31T00:00Z,3684,0,3684,0,0
036,Universidad-Carlos-III-de-Madrid,2022,ACTIVOS-FINANCIEROS,REMANENTE-DE-TESORERIA,REMANENTES-DE-TESORERIA,REMANENTE-DE-INVESTIGACION,no-informado,Universidad-Carlos-III-de-Madrid,Campus-de-Getafe,no-informado,no-informado,no-informado,2021-12-31T00:00Z,50000,0,50000,0,0
036,Universidad-Carlos-III-de-Madrid,2022,TASAS-Y-OTROS-INGRESOS,PRECIOS-PUBLICOS-POR-SERVICIOS-ACADEMICOS,INGRESOS-PROCEDENTES-DE-PRECIOS-PUBLICOS-EN-CONC-MATRICULA-TIT-OF-CUR.,INGRESOS-POR-MATRICULAS-DE-MASTERES-P-Y-CURSOS,no-informado,Universidad-Carlos-III-de-Madrid,Campus-de-Getafe,no-informado,no-informado,no-informado,2021-12-31T00:00Z,20000,0,20000,0,0
036,Universidad-Carlos-III-de-Madrid,2022,TRANSFERENCIAS-CORRIENTES,DE-EMPRESAS-PRIVADAS,INGRESOS-DE-EMPRESAS-PRIVADAS,no-informado,no-informado,Universidad-Carlos-III-de-Madrid,Campus-de-Getafe,no-informado,no-informado,no-informado,2021-12-31T00:00Z,2834,0,2834,0,0
036,Universidad-Carlos-III-de-Madrid,2022,ACTIVOS-FINANCIEROS,REMANENTE-DE-TESORERIA,REMANENTES-DE-TESORERIA,REMANENTE-DE-INVESTIGACION,no-informado,Universidad-Carlos-III-de-Madrid,Campus-de-Getafe,no-informado,no-informado,no-informado,2021-12-31T00:00Z,62666,0,62666,0,0
036,Universidad-Carlos-III-de-Madrid,2022,ACTIVOS-FINANCIEROS,REMANENTE-DE-TESORERIA,REMANENTES-DE-TESORERIA,REMANENTE-DE-INVESTIGACION,no-informado,Universidad-Carlos-III-de-Madrid,Campus-de-Getafe,no-informado,no-informado,no-informado,2021-12-31T00:00Z,48200,0,48200,0,0
036,Universidad-Carlos-III-de-Madrid,2022,ACTIVOS-FINANCIEROS,REMANENTE-DE-TESORERIA,REMANENTES-DE-TESORERIA,REMANENTE-DE-INVESTIGACION,no-informado,Universidad-Carlos-III-de-Madrid,Campus-de-Getafe,no-informado,no-informado,no-informado,2021-12-31T00:00Z,24500,0,24500,0,0
036,Universidad-Carlos-III-de-Madrid,2022,TRANSFERENCIAS-CORRIENTES,DE-EMPRESAS-PRIVADAS,INGRESOS-DE-EMPRESAS-PRIVADAS,no-informado,no-informado,Universidad-Carlos-III-de-Madrid,Campus-de-Getafe,no-informado,no-informado,no-informado,2021-12-31T00:00Z,1417,0,1417,0,0
036,Universidad-Carlos-III-de-Madrid,2022,ACTIVOS-FINANCIEROS,REMANENTE-DE-TESORERIA,REMANENTES-DE-TESORERIA,REMANENTE-DE-INVESTIGACION,no-informado,Universidad-Carlos-III-de-Madrid,Campus-de-Getafe,no-informado,no-informado,no-informado,2021-12-31T00:00Z,26033,0,26033,0,0
036,Universidad-Carlos-III-de-Madrid,2022,TRANSFERENCIAS-CORRIENTES,DE-EMPRESAS-PRIVADAS,INGRESOS-DE-EMPRESAS-PRIVADAS,no-informado,no-informado,Universidad-Carlos-III-de-Madrid,Campus-de-Getafe,no-informado,no-informado,no-informado,2021-12-31T00:00Z,2834,0,2834,0,0
036,Universidad-Carlos-III-de-Madrid,2022,ACTIVOS-FINANCIEROS,REMANENTE-DE-TESORERIA,REMANENTES-DE-TESORERIA,REMANENTE-DE-INVESTIGACION,no-informado,Universidad-Carlos-III-de-Madrid,Campus-de-Getafe,no-informado,no-informado,no-informado,2021-12-31T00:00Z,20178.66,0,20178.66,0,0
036,Universidad-Carlos-III-de-Madrid,2022,TRANSFERENCIAS-CORRIENTES,DE-EMPRESAS-PRIVADAS,INGRESOS-DE-EMPRESAS-PRIVADAS,no-informado,no-informado,Universidad-Carlos-III-de-Madrid,Campus-de-Getafe,no-informado,no-informado,no-informado,2021-12-31T00:00Z,3684,0,3684,0,0
036,Universidad-Carlos-III-de-Madrid,2022,ACTIVOS-FINANCIEROS,REMANENTE-DE-TESORERIA,REMANENTES-DE-TESORERIA,REMANENTE-DE-INVESTIGACION,no-informado,Universidad-Carlos-III-de-Madrid,Campus-de-Getafe,no-informado,no-informado,no-informado,2021-12-31T00:00Z,600,0,600,0,0
036,Universidad-Carlos-III-de-Madrid,2022,TRANSFERENCIAS-CORRIENTES,DE-ORGANISMOS-AUTONOMOS-ADMINISTRATIVOS,INGRESOS-DE-OO.AA.,no-informado,no-informado,Universidad-Carlos-III-de-Madrid,Campus-de-Getafe,no-informado,no-informado,no-informado,2021-12-31T00:00Z,12260,0,12260,0,0
036,Universidad-Carlos-III-de-Madrid,2022,TRANSFERENCIAS-CORRIENTES,DE-EMPRESAS-PRIVADAS,INGRESOS-DE-EMPRESAS-PRIVADAS,no-informado,no-informado,Universidad-Carlos-III-de-Madrid,Campus-de-Getafe,no-informado,no-informado,no-informado,2021-12-31T00:00Z,3684,0,3684,0,0
036,Universidad-Carlos-III-de-Madrid,2022,ACTIVOS-FINANCIEROS,REMANENTE-DE-TESORERIA,REMANENTES-DE-TESORERIA,REMANENTE-DE-INVESTIGACION,no-informado,Universidad-Carlos-III-de-Madrid,Campus-de-Getafe,no-informado,no-informado,no-informado,2021-12-31T00:00Z,27406,0,27406,0,0
036,Universidad-Carlos-III-de-Madrid,2022,ACTIVOS-FINANCIEROS,REMANENTE-DE-TESORERIA,REMANENTES-DE-TESORERIA,REMANENTE-DE-INVESTIGACION,no-informado,Universidad-Carlos-III-de-Madrid,Campus-de-Getafe,no-informado,no-informado,no-informado,2021-12-31T00:00Z,3925,0,3925,0,0
036,Universidad-Carlos-III-de-Madrid,2022,TRANSFERENCIAS-CORRIENTES,DE-EMPRESAS-PRIVADAS,INGRESOS-DE-EMPRESAS-PRIVADAS,no-informado,no-informado,Universidad-Carlos-III-de-Madrid,Campus-de-Getafe,no-informado,no-informado,no-informado,2021-12-31T00:00Z,1842,0,1842,0,0
036,Universidad-Carlos-III-de-Madrid,2022,TRANSFERENCIAS-CORRIENTES,DE-EMPRESAS-PRIVADAS,INGRESOS-DE-EMPRESAS-PRIVADAS,no-informado,no-informado,Universidad-Carlos-III-de-Madrid,Campus-de-Getafe,no-informado,no-informado,no-informado,2021-12-31T00:00Z,1842,0,1842,0,0
036,Universidad-Carlos-III-de-Madrid,2022,ACTIVOS-FINANCIEROS,REMANENTE-DE-TESORERIA,REMANENTES-DE-TESORERIA,REMANENTE-DE-INVESTIGACION,no-informado,Universidad-Carlos-III-de-Madrid,Campus-de-Getafe,no-informado,no-informado,no-informado,2021-12-31T00:00Z,13000,0,13000,0,0
036,Universidad-Carlos-III-de-Madrid,2022,TRANSFERENCIAS-CORRIENTES,DE-EMPRESAS-PRIVADAS,INGRESOS-DE-EMPRESAS-PRIVADAS,no-informado,no-informado,Universidad-Carlos-III-de-Madrid,Campus-de-Getafe,no-informado,no-informado,no-informado,2021-12-31T00:00Z,1417,0,1417,0,0
036,Universidad-Carlos-III-de-Madrid,2022,ACTIVOS-FINANCIEROS,REMANENTE-DE-TESORERIA,REMANENTES-DE-TESORERIA,REMANENTE-DE-INVESTIGACION,no-informado,Universidad-Carlos-III-de-Madrid,Campus-de-Getafe,no-informado,no-informado,no-informado,2021-12-31T00:00Z,11213,0,11213,0,0
036,Universidad-Carlos-III-de-Madrid,2022,TRANSFERENCIAS-CORRIENTES,DE-EMPRESAS-PRIVADAS,INGRESOS-DE-EMPRESAS-PRIVADAS,no-informado,no-informado,Universidad-Carlos-III-de-Madrid,Campus-de-Getafe,no-informado,no-informado,no-informado,2021-12-31T00:00Z,1417,0,1417,0,0
036,Universidad-Carlos-III-de-Madrid,2022,ACTIVOS-FINANCIEROS,REMANENTE-DE-TESORERIA,REMANENTES-DE-TESORERIA,REMANENTE-DE-INVESTIGACION,no-informado,Universidad-Carlos-III-de-Madrid,Campus-de-Getafe,no-informado,no-informado,no-informado,2021-12-31T00:00Z,11000,0,11000,0,0
036,Universidad-Carlos-III-de-Madrid,2022,TRANSFERENCIAS-CORRIENTES,DE-EMPRESAS-PRIVADAS,INGRESOS-DE-EMPRESAS-PRIVADAS,no-informado,no-informado,Universidad-Carlos-III-de-Madrid,Campus-de-Getafe,no-informado,no-informado,no-informado,2021-12-31T00:00Z,2834,0,2834,0,0
036,Universidad-Carlos-III-de-Madrid,2022,ACTIVOS-FINANCIEROS,REMANENTE-DE-TESORERIA,REMANENTES-DE-TESORERIA,REMANENTE-DE-INVESTIGACION,no-informado,Universidad-Carlos-III-de-Madrid,Campus-de-Getafe,no-informado,no-informado,no-informado,2021-12-31T00:00Z,18650,0,18650,0,0
036,Universidad-Carlos-III-de-Madrid,2022,TRANSFERENCIAS-CORRIENTES,DE-EMPRESAS-PRIVADAS,INGRESOS-DE-EMPRESAS-PRIVADAS,no-informado,no-informado,Universidad-Carlos-III-de-Madrid,Campus-de-Getafe,no-informado,no-informado,no-informado,2021-12-31T00:00Z,2834,0,2834,0,0
036,Universidad-Carlos-III-de-Madrid,2022,ACTIVOS-FINANCIEROS,REMANENTE-DE-TESORERIA,REMANENTES-DE-TESORERIA,REMANENTE-DE-INVESTIGACION,no-informado,Universidad-Carlos-III-de-Madrid,Campus-de-Getafe,no-informado,no-informado,no-informado,2021-12-31T00:00Z,43058.65,0,43058.65,0,0
036,Universidad-Carlos-III-de-Madrid,2022,TRANSFERENCIAS-CORRIENTES,DE-EMPRESAS-PRIVADAS,INGRESOS-DE-EMPRESAS-PRIVADAS,no-informado,no-informado,Universidad-Carlos-III-de-Madrid,Campus-de-Getafe,no-informado,no-informado,no-informado,2021-12-31T00:00Z,1417,0,1417,0,0
036,Universidad-Carlos-III-de-Madrid,2022,ACTIVOS-FINANCIEROS,REMANENTE-DE-TESORERIA,REMANENTES-DE-TESORERIA,REMANENTE-DE-INVESTIGACION,no-informado,Universidad-Carlos-III-de-Madrid,Campus-de-Getafe,no-informado,no-informado,no-informado,2021-12-31T00:00Z,573583,0,573583,0,0
036,Universidad-Carlos-III-de-Madrid,2022,TRANSFERENCIAS-CORRIENTES,DE-ORGANISMOS-AUTONOMOS-ADMINISTRATIVOS,INGRESOS-DE-OO.AA.,no-informado,no-informado,Universidad-Carlos-III-de-Madrid,Campus-de-Getafe,no-informado,no-informado,no-informado,2021-12-31T00:00Z,180000,0,180000,0,0
036,Universidad-Carlos-III-de-Madrid,2022,TRANSFERENCIAS-CORRIENTES,DE-EMPRESAS-PRIVADAS,INGRESOS-DE-EMPRESAS-PRIVADAS,no-informado,no-informado,Universidad-Carlos-III-de-Madrid,Campus-de-Getafe,no-informado,no-informado,no-informado,2021-12-31T00:00Z,2834,0,2834,0,0
036,Universidad-Carlos-III-de-Madrid,2022,ACTIVOS-FINANCIEROS,REMANENTE-DE-TESORERIA,REMANENTES-DE-TESORERIA,REMANENTE-DE-INVESTIGACION,no-informado,Universidad-Carlos-III-de-Madrid,Campus-de-Getafe,no-informado,no-informado,no-informado,2021-12-31T00:00Z,724076,0,724076,0,0
036,Universidad-Carlos-III-de-Madrid,2022,TRANSFERENCIAS-CORRIENTES,DE-EMPRESAS-PRIVADAS,INGRESOS-DE-EMPRESAS-PRIVADAS,no-informado,no-informado,Universidad-Carlos-III-de-Madrid,Campus-de-Getafe,no-informado,no-informado,no-informado,2021-12-31T00:00Z,2830,0,2830,0,0
036,Universidad-Carlos-III-de-Madrid,2022,ACTIVOS-FINANCIEROS,REMANENTE-DE-TESORERIA,REMANENTES-DE-TESORERIA,REMANENTE-DE-INVESTIGACION,no-informado,Universidad-Carlos-III-de-Madrid,Campus-de-Getafe,no-informado,no-informado,no-informado,2021-12-31T00:00Z,60670,0,60670,0,0
036,Universidad-Carlos-III-de-Madrid,2022,TRANSFERENCIAS-CORRIENTES,DE-EMPRESAS-PRIVADAS,INGRESOS-DE-EMPRESAS-PRIVADAS,no-informado,no-informado,Universidad-Carlos-III-de-Madrid,Campus-de-Getafe,no-informado,no-informado,no-informado,2021-12-31T00:00Z,1842,0,1842,0,0
036,Universidad-Carlos-III-de-Madrid,2022,ACTIVOS-FINANCIEROS,REMANENTE-DE-TESORERIA,REMANENTES-DE-TESORERIA,REMANENTE-DE-INVESTIGACION,no-informado,Universidad-Carlos-III-de-Madrid,Campus-de-Getafe,no-informado,no-informado,no-informado,2021-12-31T00:00Z,15780.75,0,15780.75,0,0
036,Universidad-Carlos-III-de-Madrid,2022,TRANSFERENCIAS-CORRIENTES,DE-EMPRESAS-PRIVADAS,INGRESOS-DE-EMPRESAS-PRIVADAS,no-informado,no-informado,Universidad-Carlos-III-de-Madrid,Campus-de-Getafe,no-informado,no-informado,no-informado,2021-12-31T00:00Z,1842,0,1842,0,0
036,Universidad-Carlos-III-de-Madrid,2022,TRANSFERENCIAS-CORRIENTES,DE-FAMILIAS-E-INSTITUCIONES-SIN-ANIMO-DE-LUCRO,INGRESOS-DE-FUNDACIONES,no-informado,no-informado,Universidad-Carlos-III-de-Madrid,Campus-de-Getafe,no-informado,no-informado,no-informado,2021-12-31T00:00Z,150000,0,150000,0,0
036,Universidad-Carlos-III-de-Madrid,2022,ACTIVOS-FINANCIEROS,REMANENTE-DE-TESORERIA,REMANENTES-DE-TESORERIA,REMANENTE-DE-INVESTIGACION,no-informado,Universidad-Carlos-III-de-Madrid,Campus-de-Getafe,no-informado,no-informado,no-informado,2021-12-31T00:00Z,128963,0,128963,0,0
036,Universidad-Carlos-III-de-Madrid,2022,TRANSFERENCIAS-CORRIENTES,DE-EMPRESAS-PRIVADAS,INGRESOS-DE-EMPRESAS-PRIVADAS,no-informado,no-informado,Universidad-Carlos-III-de-Madrid,Campus-de-Getafe,no-informado,no-informado,no-informado,2021-12-31T00:00Z,1417,0,1417,0,0
036,Universidad-Carlos-III-de-Madrid,2022,TRANSFERENCIAS-CORRIENTES,DE-EMPRESAS-PRIVADAS,INGRESOS-DE-EMPRESAS-PRIVADAS,no-informado,no-informado,Universidad-Carlos-III-de-Madrid,Campus-de-Getafe,no-informado,no-informado,no-informado,2021-12-31T00:00Z,1842,0,1842,0,0
036,Universidad-Carlos-III-de-Madrid,2022,ACTIVOS-FINANCIEROS,REMANENTE-DE-TESORERIA,REMANENTES-DE-TESORERIA,REMANENTE-DE-INVESTIGACION,no-informado,Universidad-Carlos-III-de-Madrid,Campus-de-Getafe,no-informado,no-informado,no-informado,2021-12-31T00:00Z,5000,0,5000,0,0
036,Universidad-Carlos-III-de-Madrid,2022,TRANSFERENCIAS-CORRIENTES,DE-EMPRESAS-PRIVADAS,INGRESOS-DE-EMPRESAS-PRIVADAS,no-informado,no-informado,Universidad-Carlos-III-de-Madrid,Campus-de-Getafe,no-informado,no-informado,no-informado,2021-12-31T00:00Z,1417,0,1417,0,0
036,Universidad-Carlos-III-de-Madrid,2022,TRANSFERENCIAS-CORRIENTES,DE-FAMILIAS-E-INSTITUCIONES-SIN-ANIMO-DE-LUCRO,INGRESOS-DE-FUNDACIONES,no-informado,no-informado,Universidad-Carlos-III-de-Madrid,Campus-de-Getafe,no-informado,no-informado,no-informado,2021-12-31T00:00Z,100000,0,100000,0,0
036,Universidad-Carlos-III-de-Madrid,2022,ACTIVOS-FINANCIEROS,REMANENTE-DE-TESORERIA,REMANENTES-DE-TESORERIA,REMANENTE-DE-INVESTIGACION,no-informado,Universidad-Carlos-III-de-Madrid,Campus-de-Getafe,no-informado,no-informado,no-informado,2021-12-31T00:00Z,75211,0,75211,0,0
036,Universidad-Carlos-III-de-Madrid,2022,TRANSFERENCIAS-CORRIENTES,SUBVENCIONES-DE-LA-ADMINISTRACION-DEL-ESTADO,INGRESOS-INVESTIGACION,no-informado,no-informado,Universidad-Carlos-III-de-Madrid,Campus-de-Getafe,no-informado,no-informado,no-informado,2021-12-31T00:00Z,50000,0,50000,0,0
036,Universidad-Carlos-III-de-Madrid,2022,TRANSFERENCIAS-DE-CAPITAL,DE-SOCIE-MERCANTILES-ESTATALES;ENT.EMPRE-Y-OTROS-OOPP,TRANS-CAPITAL-SOCIEDADES-MERCANTILES-ESTATALES,INGRESOS-DE-EMPRESAS-PUBLICAS-PARA-INVESTIGACION,no-informado,Universidad-Carlos-III-de-Madrid,Campus-de-Getafe,no-informado,no-informado,no-informado,2021-12-31T00:00Z,0,0,0,0,0
036,Universidad-Carlos-III-de-Madrid,2022,TRANSFERENCIAS-DE-CAPITAL,TRANSFERENCIAS-DE-CAPITAL-DE-ENTIDADES-LOCALES,DE-AYUNTAMIENTOS,INGRESOS-DE-AYUNTAMIENTOS-PARA-INVESTIGACION,no-informado,Universidad-Carlos-III-de-Madrid,Campus-de-Getafe,no-informado,no-informado,no-informado,2021-12-31T00:00Z,0,0,0,0,0
036,Universidad-Carlos-III-de-Madrid,2022,TRANSFERENCIAS-DE-CAPITAL,TRANSFERENCIAS-DE-CAPITAL-EMPRESAS-PRIVADAS,TRANSFERENCIAS-DE-CAPITAL-EMPRESAS-PRIVADAS,INGRESOS-DE-EMPRESAS-PRIVADAS-PARA-INVESTIGACION,no-informado,Universidad-Carlos-III-de-Madrid,Campus-de-Getafe,no-informado,no-informado,no-informado,2021-12-31T00:00Z,1000000,0,1000000,0,0
036,Universidad-Carlos-III-de-Madrid,2022,TRANSFERENCIAS-DE-CAPITAL,TRANSFERENCIAS-DE-CAPITAL-DEL-EXTERIOR,OTRAS-DEL-EXTERIOR,OTRAS-TRANSF-DEL-EXTERIOR,no-informado,Universidad-Carlos-III-de-Madrid,Campus-de-Getafe,no-informado,no-informado,no-informado,2021-12-31T00:00Z,0,0,0,0,0
036,Universidad-Carlos-III-de-Madrid,2022,TASAS-Y-OTROS-INGRESOS,PRECIOS-PUBLICOS-POR-SERVICIOS-ACADEMICOS,INGRESOS-PROCEDENTES-DE-PRECIOS-PUBLICOS-EN-CONC-MATRICULA-TIT-OF-CUR.,INGRESOS-MATRICULAS-OFICIALES,no-informado,Universidad-Carlos-III-de-Madrid,Campus-de-Getafe,no-informado,no-informado,no-informado,2021-12-31T00:00Z,750000,0,750000,0,0
036,Universidad-Carlos-III-de-Madrid,2022,TASAS-Y-OTROS-INGRESOS,PRECIOS-PUBLICOS-POR-SERVICIOS-ACADEMICOS,INGRESOS-PROCEDENTES-DE-PRECIOS-PUBLICOS-EN-CONC-MATRICULA-TIT-OF-CUR.,INGRESOS-POR-MATRICULAS-DE-MASTERES-P-Y-CURSOS,no-informado,Universidad-Carlos-III-de-Madrid,Campus-de-Getafe,no-informado,no-informado,no-informado,2021-12-31T00:00Z,250000,0,250000,0,0
036,Universidad-Carlos-III-de-Madrid,2022,ACTIVOS-FINANCIEROS,REMANENTE-DE-TESORERIA,REMANENTES-DE-TESORERIA,REMANENTE-CORRIENTE,no-informado,Universidad-Carlos-III-de-Madrid,Campus-de-Getafe,no-informado,no-informado,no-informado,2021-12-31T00:00Z,0,0,0,0,0
036,Universidad-Carlos-III-de-Madrid,2022,TASAS-Y-OTROS-INGRESOS,PRECIOS-PUBLICOS-POR-SERVICIOS-ACADEMICOS,INGRESOS-PROCEDENTES-DE-PRECIOS-PUBLICOS-EN-CONC-MATRICULA-TIT-OF-CUR.,INGRESOS-POR-MATRICULAS-DE-MASTERES-P-Y-CURSOS,no-informado,Universidad-Carlos-III-de-Madrid,Campus-de-Getafe,no-informado,no-informado,no-informado,2021-12-31T00:00Z,983200,0,983200,0,0
036,Universidad-Carlos-III-de-Madrid,2022,TASAS-Y-OTROS-INGRESOS,OTROS-INGRESOS-PROCEDENTES-DE-PRESTACION-DE-SERVICIOS,OTROS-INGRESOS-VARIOS-POR-PRESTACION-DE-SERVICIO,no-informado,no-informado,Universidad-Carlos-III-de-Madrid,Campus-de-Getafe,no-informado,no-informado,no-informado,2021-12-31T00:00Z,600,0,600,0,0
036,Universidad-Carlos-III-de-Madrid,2022,TASAS-Y-OTROS-INGRESOS,PRECIOS-PUBLICOS-POR-SERVICIOS-ACADEMICOS,INGRESOS-PROCEDENTES-DE-PRECIOS-PUBLICOS-EN-CONC-MATRICULA-TIT-OF-CUR.,INGRESOS-POR-MATRICULAS-DE-MASTERES-P-Y-CURSOS,no-informado,Universidad-Carlos-III-de-Madrid,Campus-de-Getafe,no-informado,no-informado,no-informado,2021-12-31T00:00Z,130141.6,0,130141.6,0,0
036,Universidad-Carlos-III-de-Madrid,2022,TASAS-Y-OTROS-INGRESOS,PRECIOS-PUBLICOS-POR-SERVICIOS-ACADEMICOS,INGRESOS-PROCEDENTES-DE-PRECIOS-PUBLICOS-EN-CONC-MATRICULA-TIT-OF-CUR.,INGRESOS-POR-MATRICULAS-DE-MASTERES-P-Y-CURSOS,no-informado,Universidad-Carlos-III-de-Madrid,Campus-de-Getafe,no-informado,no-informado,no-informado,2021-12-31T00:00Z,394775.4,0,394775.4,0,0
036,Universidad-Carlos-III-de-Madrid,2022,TASAS-Y-OTROS-INGRESOS,PRECIOS-PUBLICOS-POR-SERVICIOS-ACADEMICOS,INGRESOS-PROCEDENTES-DE-PRECIOS-PUBLICOS-EN-CONC-MATRICULA-TIT-OF-CUR.,INGRESOS-POR-MATRICULAS-DE-MASTERES-P-Y-CURSOS,no-informado,Universidad-Carlos-III-de-Madrid,Campus-de-Getafe,no-informado,no-informado,no-informado,2021-12-31T00:00Z,583763,0,583763,0,0
036,Universidad-Carlos-III-de-Madrid,2022,ACTIVOS-FINANCIEROS,REMANENTE-DE-TESORERIA,REMANENTES-DE-TESORERIA,REMANENTE-CORRIENTE,no-informado,Universidad-Carlos-III-de-Madrid,Campus-de-Getafe,no-informado,no-informado,no-informado,2021-12-31T00:00Z,0,0,0,0,0
036,Universidad-Carlos-III-de-Madrid,2022,TASAS-Y-OTROS-INGRESOS,PRECIOS-PUBLICOS-POR-SERVICIOS-ACADEMICOS,INGRESOS-PROCEDENTES-DE-PRECIOS-PUBLICOS-EN-CONC-MATRICULA-TIT-OF-CUR.,INGRESOS-POR-MATRICULAS-DE-MASTERES-P-Y-CURSOS,no-informado,Universidad-Carlos-III-de-Madrid,Campus-de-Getafe,no-informado,no-informado,no-informado,2021-12-31T00:00Z,102844,0,102844,0,0
036,Universidad-Carlos-III-de-Madrid,2022,TASAS-Y-OTROS-INGRESOS,INGRESOS-DIVERSOS,INGRESOS-DIVERSOS,INGRESOS-DIVERSOS,no-informado,Universidad-Carlos-III-de-Madrid,Campus-de-Leganes,no-informado,no-informado,no-informado,2021-12-31T00:00Z,2530,0,2530,0,0
036,Universidad-Carlos-III-de-Madrid,2022,ACTIVOS-FINANCIEROS,REMANENTE-DE-TESORERIA,REMANENTES-DE-TESORERIA,REMANENTE-CORRIENTE,no-informado,Universidad-Carlos-III-de-Madrid,Campus-de-Leganes,no-informado,no-informado,no-informado,2021-12-31T00:00Z,0,0,0,0,0
036,Universidad-Carlos-III-de-Madrid,2022,INGRESOS-PATRIMONIALES,ALQUILER-DE-AULAS-E-INSTALACIONES,INGRESO-POR-USO-DE-INSTALACIONES,ALQUILER-DE-APARCAMIENTO,no-informado,Universidad-Carlos-III-de-Madrid,Campus-de-Leganes,no-informado,no-informado,no-informado,2021-12-31T00:00Z,78000,0,78000,0,0
036,Universidad-Carlos-III-de-Madrid,2022,ACTIVOS-FINANCIEROS,REMANENTE-DE-TESORERIA,REMANENTES-DE-TESORERIA,REMANENTE-CORRIENTE,no-informado,Universidad-Carlos-III-de-Madrid,Campus-de-Leganes,no-informado,no-informado,no-informado,2021-12-31T00:00Z,0,0,0,0,0
036,Universidad-Carlos-III-de-Madrid,2022,TASAS-Y-OTROS-INGRESOS,REINTEGROS-DE-OPERACIONES-CORRIENTES,REINTEGROS-DE-EJERCICIOS-CERRADOS,no-informado,no-informado,Universidad-Carlos-III-de-Madrid,Campus-de-Leganes,no-informado,no-informado,no-informado,2021-12-31T00:00Z,0,0,0,0,0
036,Universidad-Carlos-III-de-Madrid,2022,TRANSFERENCIAS-CORRIENTES,DE-EMPRESAS-PRIVADAS,INGRESOS-DE-EMPRESAS-PRIVADAS,no-informado,no-informado,Universidad-Carlos-III-de-Madrid,Campus-de-Leganes,no-informado,no-informado,no-informado,2021-12-31T00:00Z,3684,0,3684,0,0
036,Universidad-Carlos-III-de-Madrid,2022,ACTIVOS-FINANCIEROS,REMANENTE-DE-TESORERIA,REMANENTES-DE-TESORERIA,REMANENTE-DE-INVESTIGACION,no-informado,Universidad-Carlos-III-de-Madrid,Campus-de-Leganes,no-informado,no-informado,no-informado,2021-12-31T00:00Z,22766,0,22766,0,0
036,Universidad-Carlos-III-de-Madrid,2022,TRANSFERENCIAS-CORRIENTES,DE-EMPRESAS-PRIVADAS,INGRESOS-DE-EMPRESAS-PRIVADAS,no-informado,no-informado,Universidad-Carlos-III-de-Madrid,Campus-de-Leganes,no-informado,no-informado,no-informado,2021-12-31T00:00Z,1842,0,1842,0,0
036,Universidad-Carlos-III-de-Madrid,2022,ACTIVOS-FINANCIEROS,REMANENTE-DE-TESORERIA,REMANENTES-DE-TESORERIA,REMANENTE-DE-INVESTIGACION,no-informado,Universidad-Carlos-III-de-Madrid,Campus-de-Leganes,no-informado,no-informado,no-informado,2021-12-31T00:00Z,14000,0,14000,0,0
036,Universidad-Carlos-III-de-Madrid,2022,TRANSFERENCIAS-CORRIENTES,DE-EMPRESAS-PRIVADAS,INGRESOS-DE-EMPRESAS-PRIVADAS,no-informado,no-informado,Universidad-Carlos-III-de-Madrid,Campus-de-Leganes,no-informado,no-informado,no-informado,2021-12-31T00:00Z,2834,0,2834,0,0
036,Universidad-Carlos-III-de-Madrid,2022,ACTIVOS-FINANCIEROS,REMANENTE-DE-TESORERIA,REMANENTES-DE-TESORERIA,REMANENTE-DE-INVESTIGACION,no-informado,Universidad-Carlos-III-de-Madrid,Campus-de-Leganes,no-informado,no-informado,no-informado,2021-12-31T00:00Z,20000,0,20000,0,0
036,Universidad-Carlos-III-de-Madrid,2022,TRANSFERENCIAS-CORRIENTES,DE-EMPRESAS-PRIVADAS,INGRESOS-DE-EMPRESAS-PRIVADAS,no-informado,no-informado,Universidad-Carlos-III-de-Madrid,Campus-de-Leganes,no-informado,no-informado,no-informado,2021-12-31T00:00Z,2834,0,2834,0,0
036,Universidad-Carlos-III-de-Madrid,2022,ACTIVOS-FINANCIEROS,REMANENTE-DE-TESORERIA,REMANENTES-DE-TESORERIA,REMANENTE-DE-INVESTIGACION,no-informado,Universidad-Carlos-III-de-Madrid,Campus-de-Leganes,no-informado,no-informado,no-informado,2021-12-31T00:00Z,70000,0,70000,0,0
036,Universidad-Carlos-III-de-Madrid,2022,TASAS-Y-OTROS-INGRESOS,REINTEGROS-DE-OPERACIONES-CORRIENTES,REINTEGROS-DE-EJERCICIOS-CERRADOS,no-informado,no-informado,Universidad-Carlos-III-de-Madrid,Campus-de-Leganes,no-informado,no-informado,no-informado,2021-12-31T00:00Z,0,0,0,0,0
036,Universidad-Carlos-III-de-Madrid,2022,TASAS-Y-OTROS-INGRESOS,INGRESOS-DIVERSOS,INGRESOS-DIVERSOS,INGRESOS-DIVERSOS,no-informado,Universidad-Carlos-III-de-Madrid,Parque-Cientifico,no-informado,no-informado,no-informado,2021-12-31T00:00Z,3200,0,3200,0,0
036,Universidad-Carlos-III-de-Madrid,2022,ACTIVOS-FINANCIEROS,REMANENTE-DE-TESORERIA,REMANENTES-DE-TESORERIA,REMANENTE-DE-INVESTIGACION,no-informado,Universidad-Carlos-III-de-Madrid,Parque-Cientifico,no-informado,no-informado,no-informado,2021-12-31T00:00Z,0,0,0,0,0
036,Universidad-Carlos-III-de-Madrid,2022,TASAS-Y-OTROS-INGRESOS,PRECIOS-PUBLICOS-POR-SERVICIOS-ACADEMICOS,INGRESOS-PROCEDENTES-DE-PRECIOS-PUBLICOS-NO-INCLUIDOS-EN-LOS-CONCEPTOS-ANTERIORES,ACTIVIDADES-CULTURALES,no-informado,Universidad-Carlos-III-de-Madrid,Parque-Cientifico,no-informado,no-informado,no-informado,2021-12-31T00:00Z,0,0,0,0,0
036,Universidad-Carlos-III-de-Madrid,2022,TASAS-Y-OTROS-INGRESOS,OTROS-INGRESOS-PROCEDENTES-DE-PRESTACION-DE-SERVICIOS,OTROS-INGRESOS-VARIOS-POR-PRESTACION-DE-SERVICIO,no-informado,no-informado,Universidad-Carlos-III-de-Madrid,Parque-Cientifico,no-informado,no-informado,no-informado,2021-12-31T00:00Z,0,0,0,0,0
036,Universidad-Carlos-III-de-Madrid,2022,TRANSFERENCIAS-DE-CAPITAL,TRANSFERENCIAS-DE-CAPITAL-EMPRESAS-PRIVADAS,TRANSFERENCIAS-DE-CAPITAL-EMPRESAS-PRIVADAS,INGRESOS-DE-EMPRESAS-PRIVADAS-PARA-INVESTIGACION,no-informado,Universidad-Carlos-III-de-Madrid,Parque-Cientifico,no-informado,no-informado,no-informado,2021-12-31T00:00Z,25000,0,25000,0,0
036,Universidad-Carlos-III-de-Madrid,2022,ACTIVOS-FINANCIEROS,REMANENTE-DE-TESORERIA,REMANENTES-DE-TESORERIA,REMANENTE-DE-INVESTIGACION,no-informado,Universidad-Carlos-III-de-Madrid,Parque-Cientifico,no-informado,no-informado,no-informado,2021-12-31T00:00Z,0,0,0,0,0
036,Universidad-Carlos-III-de-Madrid,2022,TASAS-Y-OTROS-INGRESOS,OTROS-INGRESOS-PROCEDENTES-DE-PRESTACION-DE-SERVICIOS,INGRESOS-SERVICIOS-PARQUE-CIENTIFICO,no-informado,no-informado,Universidad-Carlos-III-de-Madrid,Parque-Cientifico,no-informado,no-informado,no-informado,2021-12-31T00:00Z,334700,0,334700,0,0
036,Universidad-Carlos-III-de-Madrid,2022,INGRESOS-PATRIMONIALES,ALQUILER-DE-AULAS-E-INSTALACIONES,INGRESO-POR-USO-DE-INSTALACIONES,ALQUILER-DE-AULAS-E-INSTALACIONES,no-informado,Universidad-Carlos-III-de-Madrid,Parque-Cientifico,no-informado,no-informado,no-informado,2021-12-31T00:00Z,20000,0,20000,0,0
036,Universidad-Carlos-III-de-Madrid,2022,INGRESOS-PATRIMONIALES,ALQUILER-DE-AULAS-E-INSTALACIONES,INGRESO-POR-USO-DE-INSTALACIONES,ALQUILER-DE-APARCAMIENTO,no-informado,Universidad-Carlos-III-de-Madrid,Parque-Cientifico,no-informado,no-informado,no-informado,2021-12-31T00:00Z,2000,0,2000,0,0
036,Universidad-Carlos-III-de-Madrid,2022,ACTIVOS-FINANCIEROS,REMANENTE-DE-TESORERIA,REMANENTES-DE-TESORERIA,REMANENTE-CORRIENTE,no-informado,Universidad-Carlos-III-de-Madrid,Parque-Cientifico,no-informado,no-informado,no-informado,2021-12-31T00:00Z,0,0,0,0,0
036,Universidad-Carlos-III-de-Madrid,2022,TASAS-Y-OTROS-INGRESOS,REINTEGROS-DE-OPERACIONES-CORRIENTES,REINTEGROS-DE-EJERCICIOS-CERRADOS,no-informado,no-informado,Universidad-Carlos-III-de-Madrid,Parque-Cientifico,no-informado,no-informado,no-informado,2021-12-31T00:00Z,0,0,0,0,0
036,Universidad-Carlos-III-de-Madrid,2022,ACTIVOS-FINANCIEROS,REMANENTE-DE-TESORERIA,REMANENTES-DE-TESORERIA,REMANENTE-CORRIENTE,no-informado,Universidad-Carlos-III-de-Madrid,Parque-Cientifico,no-informado,no-informado,no-informado,2021-12-31T00:00Z,0,0,0,0,0
036,Universidad-Carlos-III-de-Madrid,2022,ACTIVOS-FINANCIEROS,REMANENTE-DE-TESORERIA,REMANENTES-DE-TESORERIA,REMANENTE-DE-INVESTIGACION,no-informado,Universidad-Carlos-III-de-Madrid,Parque-Cientifico,no-informado,no-informado,no-informado,2021-12-31T00:00Z,163000,0,163000,0,0
036,Universidad-Carlos-III-de-Madrid,2022,TRANSFERENCIAS-DE-CAPITAL,TRANSFERENCIAS-DE-CAPITAL-DE-LA-ADMINISTRACION-DEL-ESTADO,OTRAS-TRANSFERENCIAS-DE-CAPITAL,OTROS-INGRESOS-PARA-INVESTIGACION,no-informado,Universidad-Carlos-III-de-Madrid,Parque-Cientifico,no-informado,no-informado,no-informado,2021-12-31T00:00Z,0,0,0,0,0
036,Universidad-Carlos-III-de-Madrid,2022,TRANSFERENCIAS-DE-CAPITAL,TRANSF-CAPITAL-DE-OTROS-OOAA-ADMINISTRATIVOS,DE-ORGANISMOS-AUTONOMOS-ADMINISTRATIVOS,INGRESOS-DE-OOAA-PARA-INVESTIGACION,no-informado,Universidad-Carlos-III-de-Madrid,Parque-Cientifico,no-informado,no-informado,no-informado,2021-12-31T00:00Z,0,0,0,0,0
036,Universidad-Carlos-III-de-Madrid,2022,TRANSFERENCIAS-DE-CAPITAL,TRANSFERENCIAS-DE-CAPITAL-EMPRESAS-PRIVADAS,TRANSFERENCIAS-DE-CAPITAL-EMPRESAS-PRIVADAS,INGRESOS-DE-EMPRESAS-PRIVADAS-PARA-INVESTIGACION,no-informado,Universidad-Carlos-III-de-Madrid,Parque-Cientifico,no-informado,no-informado,no-informado,2021-12-31T00:00Z,25000,0,25000,0,0
