cod_universidad,des_universidad,anio,des_capitulo,des_articulo,des_concepto,des_subconcepto,des_partida,des_seccion,des_servicio,des_unidad_de_coste,des_organica_libre_1,des_organica_libre_2,fecha_referencia,credito_inicial,modificaciones,credito_total,derechos_reconocidos_netos,recaudacion_neta
010,Universidad-Complutense-de-Madrid,2022,TASAS-PRECIOS-PUBLICOS-Y-OTROS-INGRESOS,REINTEGROS-DE-OPERACIONES-CORRIENTES,REINTEGROS-DE-EJERCICIOS-CERRADOS,REINTEGROS-DE-EJERCICIOS-CERRADOS,Reintegros-de-Ejercicios-Cerrados,VR.PT.ECON-GERENCIA,no-informado,no-informado,no-informado,no-informado,2022-01-01T00:00Z,0,0,0,0,0
010,Universidad-Complutense-de-Madrid,2022,TRANSFERENCIAS-CORRIENTES,DE-COMUNIDADES-AUTONOMAS,DE-LA-COMUNIDAD-DE-MADRID,CONSEJERIA-EDUCACION-ASIGNACION-NOMINATIVA,Consejeria-Educacion-Asignacion-Nominativa,VR.PT.ECON-GERENCIA,no-informado,no-informado,no-informado,no-informado,2022-01-01T00:00Z,352279964,0,352279964,0,0
010,Universidad-Complutense-de-Madrid,2022,ACTIVOS-FINANCIEROS,REINTEGROS-PRESTAMOS-CONCEDIDOS-FUERA-SEC-PUBLICO,PRESTAMOS-A-CORTO-PLAZO,DE-ANTICIPOS-AL-PERSONAL,De-Anticipos-al-Personal,VR.PT.ECON-GERENCIA,no-informado,no-informado,no-informado,no-informado,2022-01-01T00:00Z,0,0,0,0,0
010,Universidad-Complutense-de-Madrid,2022,ACTIVOS-FINANCIEROS,REINTEGROS-PRESTAMOS-CONCEDIDOS-FUERA-SEC-PUBLICO,PRESTAMOS-A-LARGO-PLAZO,DE-PRESTAMOS-AL-PERSONAL,De-Prestamos-al-Personal,VR.PT.ECON-GERENCIA,no-informado,no-informado,no-informado,no-informado,2022-01-01T00:00Z,0,0,0,0,0
010,Universidad-Complutense-de-Madrid,2022,TASAS-PRECIOS-PUBLICOS-Y-OTROS-INGRESOS,OTROS-INGRESOS-PROCEDENTES-DE-PRESTACION-SERVICIOS,OTROS-INGRESOS-POR-PRESTACION-DE-SERVICIOS,OTROS-INGRESOS-POR-PRESTACION-DE-SERVICIIOS,Otros-Ingresos-por-Prestacion-de-Serviciios,VR-INVESTIGACION-Y-T,no-informado,no-informado,no-informado,no-informado,2022-01-01T00:00Z,750000,0,750000,0,0
010,Universidad-Complutense-de-Madrid,2022,TASAS-PRECIOS-PUBLICOS-Y-OTROS-INGRESOS,REINTEGROS-DE-OPERACIONES-CORRIENTES,REINTEGROS-DE-EJERCICIOS-CERRADOS,REINTEGROS-DE-EJERCICIOS-CERRADOS,Reintegros-de-Ejercicios-Cerrados,VR-INVESTIGACION-Y-T,no-informado,no-informado,no-informado,no-informado,2022-01-01T00:00Z,500000,0,500000,0,0
010,Universidad-Complutense-de-Madrid,2022,TASAS-PRECIOS-PUBLICOS-Y-OTROS-INGRESOS,OTROS-INGRESOS,INGRESOS-DIVERSOS,PORCENTAJE-RETENCION-ART-83-LOU,Porcentaje-Retencion-Art-83-LOU,VR-INVESTIGACION-Y-T,no-informado,no-informado,no-informado,no-informado,2022-01-01T00:00Z,500000,0,500000,0,0
010,Universidad-Complutense-de-Madrid,2022,TASAS-PRECIOS-PUBLICOS-Y-OTROS-INGRESOS,OTROS-INGRESOS,INGRESOS-DIVERSOS,OTROS-INGRESOS-DIVERSOS,Otros-Ingresos-Diversos,VR-INVESTIGACION-Y-T,no-informado,no-informado,no-informado,no-informado,2022-01-01T00:00Z,350000,0,350000,0,0
010,Universidad-Complutense-de-Madrid,2022,TRANSFERENCIAS-DE-CAPITAL,DE-LA-ADMINISTRACION-DEL-ESTADO,DEL-MINIS-DE-ASUNT-ECONOMICOS-Y-TRANSFORM-DIGITAL,OTRAS-TRANSFERENCIAS-M-AS-ECONOM-Y-TR-DIGITAL,Otras-Transferencias-M-As-Econom-y-Tr-Digital,VR-INVESTIGACION-Y-T,no-informado,no-informado,no-informado,no-informado,2022-01-01T00:00Z,337200,0,337200,0,0
010,Universidad-Complutense-de-Madrid,2022,TRANSFERENCIAS-DE-CAPITAL,DE-EMPRESAS-PRIVADAS,DE-EMPRESAS-PRIVADAS,CONTRATOS-Y-PROGRAMAS-OTRI,Contratos-y-Programas-OTRI,VR-INVESTIGACION-Y-T,no-informado,no-informado,no-informado,no-informado,2022-01-01T00:00Z,100000,0,100000,0,0
010,Universidad-Complutense-de-Madrid,2022,TRANSFERENCIAS-DE-CAPITAL,DE-FAMILIAS-E-INSTITUCIONES-SIN-FINES-DE-LUCRO,DE-FAMILIAS-E-INSTITUCIONES-SIN-FINES-DE-LUCRO,CONTRATOS-Y-PROGRAMAS-OTRI,Contratos-y-Programas-OTRI,VR-INVESTIGACION-Y-T,no-informado,no-informado,no-informado,no-informado,2022-01-01T00:00Z,100000,0,100000,0,0
010,Universidad-Complutense-de-Madrid,2022,TASAS-PRECIOS-PUBLICOS-Y-OTROS-INGRESOS,REINTEGROS-DE-OPERACIONES-CORRIENTES,REINTEGROS-DE-EJERCICIOS-CERRADOS,REINTEGROS-DE-EJERCICIOS-CERRADOS,Reintegros-de-Ejercicios-Cerrados,VR-ORD-ACADEMICA,SV-NOM-Y-SS-PDI,no-informado,no-informado,no-informado,2022-01-01T00:00Z,0,0,0,0,0
010,Universidad-Complutense-de-Madrid,2022,TRANSFERENCIAS-CORRIENTES,DE-COMUNIDADES-AUTONOMAS,DE-LA-COMUNIDAD-DE-MADRID,CONSEJERIA-DE-SANIDAD-PLAZAS-VINCULADAS,Consejeria-de-Sanidad-Plazas-Vinculadas,VR-ORD-ACADEMICA,SV-NOM-Y-SS-PDI,no-informado,no-informado,no-informado,2022-01-01T00:00Z,4300000,0,4300000,0,0
010,Universidad-Complutense-de-Madrid,2022,TASAS-PRECIOS-PUBLICOS-Y-OTROS-INGRESOS,REINTEGROS-DE-OPERACIONES-CORRIENTES,REINTEGROS-DE-EJERCICIOS-CERRADOS,REINTEGROS-DE-EJERCICIOS-CERRADOS,Reintegros-de-Ejercicios-Cerrados,VR.PT.ECON-GERENCIA,SV-NOM-Y-SS-P-LAB,no-informado,no-informado,no-informado,2022-01-01T00:00Z,0,0,0,0,0
010,Universidad-Complutense-de-Madrid,2022,TASAS-PRECIOS-PUBLICOS-Y-OTROS-INGRESOS,PRECIOS-PUBLICOS,OTROS-PRECIOS-PUBLICOS,DERECHOS-DE-EXAMEN-EN-OPOSICIONES,Derechos-de-Examen-en-Oposiciones,VR.PT.ECON-GERENCIA,SV-NOM-Y-SS-P-FUN,no-informado,no-informado,no-informado,2022-01-01T00:00Z,150000,0,150000,0,0
010,Universidad-Complutense-de-Madrid,2022,TASAS-PRECIOS-PUBLICOS-Y-OTROS-INGRESOS,REINTEGROS-DE-OPERACIONES-CORRIENTES,REINTEGROS-DE-EJERCICIOS-CERRADOS,REINTEGROS-DE-EJERCICIOS-CERRADOS,Reintegros-de-Ejercicios-Cerrados,VR.PT.ECON-GERENCIA,SV-NOM-Y-SS-P-FUN,no-informado,no-informado,no-informado,2022-01-01T00:00Z,0,0,0,0,0
010,Universidad-Complutense-de-Madrid,2022,TASAS-PRECIOS-PUBLICOS-Y-OTROS-INGRESOS,OTROS-INGRESOS-PROCEDENTES-DE-PRESTACION-SERVICIOS,ACTIVIDADES-DEPORTIVAS,ACTIVIDADES-DEPORTIVAS,Actividades-Deportivas,VR.PT.ECON-GERENCIA,SV-ACCION-SOCIAL,no-informado,no-informado,no-informado,2022-01-01T00:00Z,335000,0,335000,0,0
010,Universidad-Complutense-de-Madrid,2022,INGRESOS-PATRIMONIALES,RENTAS-DE-BIENES-INMUEBLES,ALQUILER-Y-PRODUCTOS-DE-INMUEBLES,ALQUILER-DE-VIVIENDAS-A-PERSONAL-DOCENTE,Alquiler-de-Viviendas-a-Personal-Docente,VR.PT.ECON-GERENCIA,SV-ACCION-SOCIAL,no-informado,no-informado,no-informado,2022-01-01T00:00Z,170000,0,170000,0,0
010,Universidad-Complutense-de-Madrid,2022,INGRESOS-PATRIMONIALES,OTROS-INGRESOS-PATRIMONIALES,CANONES,CANON-ACTIVIDADES-DEPORTIVAS,Canon-Actividades-Deportivas,VR.PT.ECON-GERENCIA,SV-ACCION-SOCIAL,no-informado,no-informado,no-informado,2022-01-01T00:00Z,1800,0,1800,0,0
010,Universidad-Complutense-de-Madrid,2022,TRANSFERENCIAS-CORRIENTES,DE-EMPRESAS-PRIVADAS,DE-EMPRESAS-PRIVADAS,PATROCINIOS,Patrocinios,VR.PT.ECON-GERENCIA,ADM-SERV-CENTRALES,no-informado,no-informado,no-informado,2022-01-01T00:00Z,3550000,0,3550000,0,0
010,Universidad-Complutense-de-Madrid,2022,INGRESOS-PATRIMONIALES,RENTAS-DE-BIENES-INMUEBLES,ALQUILER-Y-PRODUCTOS-DE-INMUEBLES,ALQUILER-OTROS-PRODUCTOS-DE-INMUEBLES,Alquiler-Otros-Productos-de-Inmuebles,VR.PT.ECON-GERENCIA,ADM-SERV-CENTRALES,no-informado,no-informado,no-informado,2022-01-01T00:00Z,0,0,0,0,0
010,Universidad-Complutense-de-Madrid,2022,INGRESOS-PATRIMONIALES,RENTAS-DE-BIENES-INMUEBLES,ALQUILER-Y-PRODUCTOS-DE-INMUEBLES,ALQUILER-DE-AULAS-Y-SALONES-DE-ACTOS,Alquiler-de-Aulas-y-Salones-de-Actos,VR.PT.ECON-GERENCIA,JARDIN-BOTANICO,no-informado,no-informado,no-informado,2022-01-01T00:00Z,40000,0,40000,0,0
010,Universidad-Complutense-de-Madrid,2022,TRANSFERENCIAS-DE-CAPITAL,DE-COMUNIDADES-AUTONOMAS,DE-LA-COMUNIDAD-DE-MADRID,CONSEJERIA-EDUCACION---PLAN-DE-INVERSIONES,Consejeria-Educacion---Plan-de-Inversiones,VR.PT.ECON-GERENCIA,SV-COORD-OBRAS-Y-M,no-informado,no-informado,no-informado,2022-01-01T00:00Z,2336250,0,2336250,0,0
010,Universidad-Complutense-de-Madrid,2022,TASAS-PRECIOS-PUBLICOS-Y-OTROS-INGRESOS,OTROS-INGRESOS-PROCEDENTES-DE-PRESTACION-SERVICIOS,OTROS-INGRESOS-POR-PRESTACION-DE-SERVICIOS,OTROS-INGRESOS-POR-PRESTACION-DE-SERVICIIOS,Otros-Ingresos-por-Prestacion-de-Serviciios,VR.PT.ECON-GERENCIA,SV-SEGUIMIENTO-CONT,no-informado,no-informado,no-informado,2022-01-01T00:00Z,416612.49,0,416612.49,0,0
010,Universidad-Complutense-de-Madrid,2022,TASAS-PRECIOS-PUBLICOS-Y-OTROS-INGRESOS,OTROS-INGRESOS,INGRESOS-DIVERSOS,OTROS-INGRESOS-DIVERSOS,Otros-Ingresos-Diversos,VR.PT.ECON-GERENCIA,SV-SEGUIMIENTO-CONT,no-informado,no-informado,no-informado,2022-01-01T00:00Z,8466.5,0,8466.5,0,0
010,Universidad-Complutense-de-Madrid,2022,INGRESOS-PATRIMONIALES,RENTAS-DE-BIENES-INMUEBLES,ALQUILER-Y-PRODUCTOS-DE-INMUEBLES,ALQUILER-DE-AULAS-Y-SALONES-DE-ACTOS,Alquiler-de-Aulas-y-Salones-de-Actos,VR.PT.ECON-GERENCIA,SV-SEGUIMIENTO-CONT,no-informado,no-informado,no-informado,2022-01-01T00:00Z,730000,0,730000,0,0
010,Universidad-Complutense-de-Madrid,2022,INGRESOS-PATRIMONIALES,RENTAS-DE-BIENES-INMUEBLES,ALQUILER-Y-PRODUCTOS-DE-INMUEBLES,ACCIONES-PUBLICITARIAS,Acciones-Publicitarias,VR.PT.ECON-GERENCIA,SV-SEGUIMIENTO-CONT,no-informado,no-informado,no-informado,2022-01-01T00:00Z,20000,0,20000,0,0
010,Universidad-Complutense-de-Madrid,2022,INGRESOS-PATRIMONIALES,RENTAS-DE-BIENES-INMUEBLES,ALQUILER-Y-PRODUCTOS-DE-INMUEBLES,ALQUILER-OTROS-PRODUCTOS-DE-INMUEBLES,Alquiler-Otros-Productos-de-Inmuebles,VR.PT.ECON-GERENCIA,SV-SEGUIMIENTO-CONT,no-informado,no-informado,no-informado,2022-01-01T00:00Z,144454.84,0,144454.84,0,0
010,Universidad-Complutense-de-Madrid,2022,INGRESOS-PATRIMONIALES,PRODUCTOS-DE-CONCESIONES-Y-APROVECHAMI-ESPECIALES,CONCESIONES-ADMINISTRATIVAS,CAFETERIAS-Y-COMEDORES,Cafeterias-y-Comedores,VR.PT.ECON-GERENCIA,SV-SEGUIMIENTO-CONT,no-informado,no-informado,no-informado,2022-01-01T00:00Z,318174.58,0,318174.58,0,0
010,Universidad-Complutense-de-Madrid,2022,INGRESOS-PATRIMONIALES,PRODUCTOS-DE-CONCESIONES-Y-APROVECHAMI-ESPECIALES,CONCESIONES-ADMINISTRATIVAS,LIBRERIAS-Y-TIENDAS,Librerias-y-Tiendas,VR.PT.ECON-GERENCIA,SV-SEGUIMIENTO-CONT,no-informado,no-informado,no-informado,2022-01-01T00:00Z,21719.55,0,21719.55,0,0
010,Universidad-Complutense-de-Madrid,2022,INGRESOS-PATRIMONIALES,PRODUCTOS-DE-CONCESIONES-Y-APROVECHAMI-ESPECIALES,CONCESIONES-ADMINISTRATIVAS,EDIFICIOS-Y-TERRENOS,Edificios-y-Terrenos,VR.PT.ECON-GERENCIA,SV-SEGUIMIENTO-CONT,no-informado,no-informado,no-informado,2022-01-01T00:00Z,1651611.4,0,1651611.4,0,0
010,Universidad-Complutense-de-Madrid,2022,INGRESOS-PATRIMONIALES,OTROS-INGRESOS-PATRIMONIALES,CANONES,CANON-ACTIVIDADES-DEPORTIVAS,Canon-Actividades-Deportivas,VR.PT.ECON-GERENCIA,SV-SEGUIMIENTO-CONT,no-informado,no-informado,no-informado,2022-01-01T00:00Z,16800,0,16800,0,0
010,Universidad-Complutense-de-Madrid,2022,INGRESOS-PATRIMONIALES,OTROS-INGRESOS-PATRIMONIALES,OTROS-INGRESOS-PATRIMONIALES,OTROS-INGRESOS-PATRIMONIALES,Otros-Ingresos-Patrimoniales,VR.PT.ECON-GERENCIA,SV-SEGUIMIENTO-CONT,no-informado,no-informado,no-informado,2022-01-01T00:00Z,88116.7,0,88116.7,0,0
010,Universidad-Complutense-de-Madrid,2022,ACTIVOS-FINANCIEROS,REINTEGROS-PRESTAMOS-CONCEDIDOS-FUERA-SEC-PUBLICO,PRESTAMOS-A-CORTO-PLAZO,DE-ANTICIPOS-AL-PERSONAL,De-Anticipos-al-Personal,VR.PT.ECON-GERENCIA,TESORERIA,no-informado,no-informado,no-informado,2022-01-01T00:00Z,610000,0,610000,0,0
010,Universidad-Complutense-de-Madrid,2022,ACTIVOS-FINANCIEROS,REINTEGROS-PRESTAMOS-CONCEDIDOS-FUERA-SEC-PUBLICO,PRESTAMOS-A-LARGO-PLAZO,DE-PRESTAMOS-AL-PERSONAL,De-Prestamos-al-Personal,VR.PT.ECON-GERENCIA,TESORERIA,no-informado,no-informado,no-informado,2022-01-01T00:00Z,390000,0,390000,0,0
010,Universidad-Complutense-de-Madrid,2022,INGRESOS-PATRIMONIALES,RENTAS-DE-BIENES-INMUEBLES,ALQUILER-Y-PRODUCTOS-DE-INMUEBLES,ALQUILER-DE-AULAS-Y-SALONES-DE-ACTOS,Alquiler-de-Aulas-y-Salones-de-Actos,VR.PT.ECON-GERENCIA,EDIFICIO-MULTIUSOS,no-informado,no-informado,no-informado,2022-01-01T00:00Z,30000,0,30000,0,0
010,Universidad-Complutense-de-Madrid,2022,TASAS-PRECIOS-PUBLICOS-Y-OTROS-INGRESOS,PRECIOS-PUBLICOS,OTROS-PRECIOS-PUBLICOS,OTROS-PRECIOS-PUBLICOS,Otros-Precios-Publicos,VR-CENTROS-Y-DEP.,FACULTADES,no-informado,no-informado,no-informado,2022-01-01T00:00Z,100000,0,100000,0,0
010,Universidad-Complutense-de-Madrid,2022,TASAS-PRECIOS-PUBLICOS-Y-OTROS-INGRESOS,OTROS-INGRESOS-PROCEDENTES-DE-PRESTACION-SERVICIOS,PRESTAMOS-INTERBIBLIOTECARIOS,PRESTAMOS-INTERBIBLIOTECARIOS,Prestamos-Interbibliotecarios,VR-INVESTIGACION-Y-T,ADM-BIBLIOT-GRAL,no-informado,no-informado,no-informado,2022-01-01T00:00Z,15000,0,15000,0,0
010,Universidad-Complutense-de-Madrid,2022,TRANSFERENCIAS-CORRIENTES,DE-FAMILIAS-E-INSTITUCIONES-SIN-FINES-DE-LUCRO,DE-FAMILIAS-E-INSTITUCIONES-SIN-FINES-DE-LUCRO,OTRAS-TRANSFERENCIAS,Otras-Transferencias,VR-INVESTIGACION-Y-T,ADM-BIBLIOT-GRAL,no-informado,no-informado,no-informado,2022-01-01T00:00Z,64000.86,0,64000.86,0,0
010,Universidad-Complutense-de-Madrid,2022,TASAS-PRECIOS-PUBLICOS-Y-OTROS-INGRESOS,OTROS-INGRESOS-PROCEDENTES-DE-PRESTACION-SERVICIOS,OTROS-INGRESOS-POR-PRESTACION-DE-SERVICIOS,OTROS-INGRESOS-POR-PRESTACION-DE-SERVICIIOS,Otros-Ingresos-por-Prestacion-de-Serviciios,VR-INVESTIGACION-Y-T,SV-INVESTIGACION,no-informado,no-informado,no-informado,2022-01-01T00:00Z,2500000,0,2500000,0,0
010,Universidad-Complutense-de-Madrid,2022,TASAS-PRECIOS-PUBLICOS-Y-OTROS-INGRESOS,OTROS-INGRESOS,INGRESOS-DIVERSOS,OTROS-INGRESOS-DIVERSOS,Otros-Ingresos-Diversos,VR-INVESTIGACION-Y-T,SV-INVESTIGACION,no-informado,no-informado,no-informado,2022-01-01T00:00Z,216000,0,216000,0,0
010,Universidad-Complutense-de-Madrid,2022,ENAJENACION-DE-INVERSIONES-REALES,REINTEGROS-POR-OPERACIONES-DE-CAPITAL,REINTEGROS-DE-EJERCICIOS-CERRADOS,REINTEGROS-DE-EJERCICIOS-CERRADOS,Reintegros-de-Ejercicios-Cerrados,VR-INVESTIGACION-Y-T,SV-INVESTIGACION,no-informado,no-informado,no-informado,2022-01-01T00:00Z,253119.13,0,253119.13,0,0
010,Universidad-Complutense-de-Madrid,2022,TRANSFERENCIAS-DE-CAPITAL,DE-LA-ADMINISTRACION-DEL-ESTADO,DEL-MINISTERIO-DE-CIENCIA-E-INNOVACION,INVESTIGACION-MINISTERIO-DE-CIENCIA-E-INNOVACION,Investigacion-Ministerio-de-Ciencia-e-Innovacion,VR-INVESTIGACION-Y-T,SV-INVESTIGACION,no-informado,no-informado,no-informado,2022-01-01T00:00Z,3682483.82,0,3682483.82,0,0
010,Universidad-Complutense-de-Madrid,2022,TRANSFERENCIAS-DE-CAPITAL,DE-LA-ADMINISTRACION-DEL-ESTADO,DEL-MINISTERIO-DE-CIENCIA-E-INNOVACION,PROGRAMA-RAMON-Y-CAJAL,Programa-Ramon-y-Cajal,VR-INVESTIGACION-Y-T,SV-INVESTIGACION,no-informado,no-informado,no-informado,2022-01-01T00:00Z,1420200,0,1420200,0,0
010,Universidad-Complutense-de-Madrid,2022,TRANSFERENCIAS-DE-CAPITAL,DE-LA-ADMINISTRACION-DEL-ESTADO,DEL-MINISTERIO-DE-CIENCIA-E-INNOVACION,PROGRAMA-JUAN-DE-LA-CIERVA,Programa-Juan-de-la-Cierva,VR-INVESTIGACION-Y-T,SV-INVESTIGACION,no-informado,no-informado,no-informado,2022-01-01T00:00Z,866000,0,866000,0,0
010,Universidad-Complutense-de-Madrid,2022,TRANSFERENCIAS-DE-CAPITAL,DE-LA-ADMINISTRACION-DEL-ESTADO,DE-OTROS-MINISTERIOS,INVESTIGACION-OTROS-MINISTERIOS,Investigacion-Otros-Ministerios,VR-INVESTIGACION-Y-T,SV-INVESTIGACION,no-informado,no-informado,no-informado,2022-01-01T00:00Z,115000,0,115000,0,0
010,Universidad-Complutense-de-Madrid,2022,TRANSFERENCIAS-DE-CAPITAL,DE-LA-ADMINISTRACION-DEL-ESTADO,DEL-MINIS-DE-ASUNT-ECONOMICOS-Y-TRANSFORM-DIGITAL,INVESTIGACION-M-ASUNTOS-ECONOMICOS-Y-TR-DIGITAL,Investigacion-M-Asuntos-Economicos-y-Tr-Digital,VR-INVESTIGACION-Y-T,SV-INVESTIGACION,no-informado,no-informado,no-informado,2022-01-01T00:00Z,0,0,0,0,0
010,Universidad-Complutense-de-Madrid,2022,TRANSFERENCIAS-DE-CAPITAL,DE-LA-ADMINISTRACION-DEL-ESTADO,DEL-MINISTERIO-DE-UNIVERSIDADES,INVESTIGACION-MINISTERIO-DE-UNIVERSIDADES,Investigacion-Ministerio-de-Universidades,VR-INVESTIGACION-Y-T,SV-INVESTIGACION,no-informado,no-informado,no-informado,2022-01-01T00:00Z,13496958,0,13496958,0,0
010,Universidad-Complutense-de-Madrid,2022,TRANSFERENCIAS-DE-CAPITAL,DE-COMUNIDADES-AUTONOMAS,DE-LA-COMUNIDAD-DE-MADRID,CONSEJERIA-EDUCACION-PLAN-REGIONAL-INVESTIGACION,Consejeria-Educacion-Plan-Regional-Investigacion,VR-INVESTIGACION-Y-T,SV-INVESTIGACION,no-informado,no-informado,no-informado,2022-01-01T00:00Z,8401571.31,0,8401571.31,0,0
010,Universidad-Complutense-de-Madrid,2022,TRANSFERENCIAS-DE-CAPITAL,DE-COMUNIDADES-AUTONOMAS,DE-OTRAS-COMUNIDADES-AUTONOMAS,DE-OTRAS-COMUNIDADES-AUTONOMAS,De-Otras-Comunidades-Autonomas,VR-INVESTIGACION-Y-T,SV-INVESTIGACION,no-informado,no-informado,no-informado,2022-01-01T00:00Z,65000,0,65000,0,0
010,Universidad-Complutense-de-Madrid,2022,TRANSFERENCIAS-DE-CAPITAL,DE-FAMILIAS-E-INSTITUCIONES-SIN-FINES-DE-LUCRO,DE-FAMILIAS-E-INSTITUCIONES-SIN-FINES-DE-LUCRO,OTRAS-TRANSF-DE-FAMILIAS-E-IN-SIN-FINES-DE-LUCRO,Otras-Transf-de-Familias-e-In-sin-fines-de-lucro,VR-INVESTIGACION-Y-T,SV-INVESTIGACION,no-informado,no-informado,no-informado,2022-01-01T00:00Z,262800,0,262800,0,0
010,Universidad-Complutense-de-Madrid,2022,TRANSFERENCIAS-DE-CAPITAL,DEL-EXTERIOR,DE-LA-UNION-EUROPEA,PROYECTOS-EUROPEOS,Proyectos-Europeos,VR-INVESTIGACION-Y-T,SV-INVESTIGACION,no-informado,no-informado,no-informado,2022-01-01T00:00Z,920000,0,920000,0,0
010,Universidad-Complutense-de-Madrid,2022,TASAS-PRECIOS-PUBLICOS-Y-OTROS-INGRESOS,OTROS-INGRESOS-PROCEDENTES-DE-PRESTACION-SERVICIOS,INGRESOS-CAIS,INGRESOS-CAIS,Ingresos-CAIs,VR-INVESTIGACION-Y-T,ADM-CC-A-I.,no-informado,no-informado,no-informado,2022-01-01T00:00Z,800000,0,800000,0,0
010,Universidad-Complutense-de-Madrid,2022,TASAS-PRECIOS-PUBLICOS-Y-OTROS-INGRESOS,OTROS-INGRESOS-PROCEDENTES-DE-PRESTACION-SERVICIOS,OTROS-INGRESOS-POR-PRESTACION-DE-SERVICIOS,OTROS-INGRESOS-POR-PRESTACION-DE-SERVICIIOS,Otros-Ingresos-por-Prestacion-de-Serviciios,VR-INVESTIGACION-Y-T,FGUCM,no-informado,no-informado,no-informado,2022-01-01T00:00Z,0,0,0,0,0
010,Universidad-Complutense-de-Madrid,2022,TASAS-PRECIOS-PUBLICOS-Y-OTROS-INGRESOS,REINTEGROS-DE-OPERACIONES-CORRIENTES,REINTEGROS-DE-EJERCICIOS-CERRADOS,REINTEGROS-DE-EJERCICIOS-CERRADOS,Reintegros-de-Ejercicios-Cerrados,VR-INVESTIGACION-Y-T,FGUCM,no-informado,no-informado,no-informado,2022-01-01T00:00Z,0,0,0,0,0
010,Universidad-Complutense-de-Madrid,2022,TRANSFERENCIAS-DE-CAPITAL,DE-LA-ADMINISTRACION-DEL-ESTADO,DEL-MINISTERIO-DE-EDUCACION-Y-FORMAC-PROFESIONAL,CONTRATOS-Y-PROGRAMAS-OTRI---MEFP,Contratos-y-Programas-OTRI---MEFP,VR-INVESTIGACION-Y-T,FGUCM,no-informado,no-informado,no-informado,2022-01-01T00:00Z,7000,0,7000,0,0
010,Universidad-Complutense-de-Madrid,2022,TRANSFERENCIAS-DE-CAPITAL,DE-LA-ADMINISTRACION-DEL-ESTADO,DEL-MINISTERIO-DE-CIENCIA-E-INNOVACION,INVESTIGACION-MINISTERIO-DE-CIENCIA-E-INNOVACION,Investigacion-Ministerio-de-Ciencia-e-Innovacion,VR-INVESTIGACION-Y-T,FGUCM,no-informado,no-informado,no-informado,2022-01-01T00:00Z,12278750,0,12278750,0,0
010,Universidad-Complutense-de-Madrid,2022,TRANSFERENCIAS-DE-CAPITAL,DE-LA-ADMINISTRACION-DEL-ESTADO,DE-OTROS-MINISTERIOS,INVESTIGACION-OTROS-MINISTERIOS,Investigacion-Otros-Ministerios,VR-INVESTIGACION-Y-T,FGUCM,no-informado,no-informado,no-informado,2022-01-01T00:00Z,100000,0,100000,0,0
010,Universidad-Complutense-de-Madrid,2022,TRANSFERENCIAS-DE-CAPITAL,DE-ORGANISMOS-PUBLICOS-DEL-ESTADO,DE-ORGANISMOS-PUBLICOS-DEL-ESTADO,CONTRATOS-Y-PROGRAMAS-OTRI,Contratos-y-Programas-OTRI,VR-INVESTIGACION-Y-T,FGUCM,no-informado,no-informado,no-informado,2022-01-01T00:00Z,20000,0,20000,0,0
010,Universidad-Complutense-de-Madrid,2022,TRANSFERENCIAS-DE-CAPITAL,DE-COMUNIDADES-AUTONOMAS,DE-LA-COMUNIDAD-DE-MADRID,CONSEJERIA-EDUCACION-PLAN-REGIONAL-INVESTIGACION,Consejeria-Educacion-Plan-Regional-Investigacion,VR-INVESTIGACION-Y-T,FGUCM,no-informado,no-informado,no-informado,2022-01-01T00:00Z,4370000,0,4370000,0,0
010,Universidad-Complutense-de-Madrid,2022,TRANSFERENCIAS-DE-CAPITAL,DE-COMUNIDADES-AUTONOMAS,DE-LA-COMUNIDAD-DE-MADRID,CONTRATOS-Y-PROGRAMAS-OTRI,Contratos-y-Programas-OTRI,VR-INVESTIGACION-Y-T,FGUCM,no-informado,no-informado,no-informado,2022-01-01T00:00Z,230000,0,230000,0,0
010,Universidad-Complutense-de-Madrid,2022,TRANSFERENCIAS-DE-CAPITAL,DE-CORPORACIONES-LOCALES,DE-CORPORACIONES-LOCALES,CONTRATOS-Y-PROGRAMAS-OTRI---AYUNTAMIENTO-MADRID,Contratos-y-Programas-OTRI---Ayuntamiento-Madrid,VR-INVESTIGACION-Y-T,FGUCM,no-informado,no-informado,no-informado,2022-01-01T00:00Z,10000,0,10000,0,0
010,Universidad-Complutense-de-Madrid,2022,TRANSFERENCIAS-DE-CAPITAL,DE-EMPRESAS-PRIVADAS,DE-EMPRESAS-PRIVADAS,CONTRATOS-Y-PROGRAMAS-OTRI,Contratos-y-Programas-OTRI,VR-INVESTIGACION-Y-T,FGUCM,no-informado,no-informado,no-informado,2022-01-01T00:00Z,4500000,0,4500000,0,0
010,Universidad-Complutense-de-Madrid,2022,TRANSFERENCIAS-DE-CAPITAL,DE-FAMILIAS-E-INSTITUCIONES-SIN-FINES-DE-LUCRO,DE-FAMILIAS-E-INSTITUCIONES-SIN-FINES-DE-LUCRO,CONTRATOS-Y-PROGRAMAS-OTRI,Contratos-y-Programas-OTRI,VR-INVESTIGACION-Y-T,FGUCM,no-informado,no-informado,no-informado,2022-01-01T00:00Z,1000000,0,1000000,0,0
010,Universidad-Complutense-de-Madrid,2022,TRANSFERENCIAS-DE-CAPITAL,DE-FAMILIAS-E-INSTITUCIONES-SIN-FINES-DE-LUCRO,DE-FAMILIAS-E-INSTITUCIONES-SIN-FINES-DE-LUCRO,OTRAS-TRANSF-DE-FAMILIAS-E-IN-SIN-FINES-DE-LUCRO,Otras-Transf-de-Familias-e-In-sin-fines-de-lucro,VR-INVESTIGACION-Y-T,FGUCM,no-informado,no-informado,no-informado,2022-01-01T00:00Z,814000,0,814000,0,0
010,Universidad-Complutense-de-Madrid,2022,TRANSFERENCIAS-DE-CAPITAL,DEL-EXTERIOR,DE-LA-UNION-EUROPEA,CONTRATOS-Y-PROGRAMAS-OTRI,Contratos-y-Programas-OTRI,VR-INVESTIGACION-Y-T,FGUCM,no-informado,no-informado,no-informado,2022-01-01T00:00Z,8233000,0,8233000,0,0
010,Universidad-Complutense-de-Madrid,2022,TASAS-PRECIOS-PUBLICOS-Y-OTROS-INGRESOS,OTROS-INGRESOS,INGRESOS-DIVERSOS,OTROS-INGRESOS-DIVERSOS,Otros-Ingresos-Diversos,VR-INVESTIGACION-Y-T,OTRI,no-informado,no-informado,no-informado,2022-01-01T00:00Z,20000,0,20000,0,0
010,Universidad-Complutense-de-Madrid,2022,TRANSFERENCIAS-DE-CAPITAL,DE-FAMILIAS-E-INSTITUCIONES-SIN-FINES-DE-LUCRO,DE-FAMILIAS-E-INSTITUCIONES-SIN-FINES-DE-LUCRO,OTRAS-TRANSF-DE-FAMILIAS-E-IN-SIN-FINES-DE-LUCRO,Otras-Transf-de-Familias-e-In-sin-fines-de-lucro,VR-INVESTIGACION-Y-T,OTRI,no-informado,no-informado,no-informado,2022-01-01T00:00Z,5500,0,5500,0,0
010,Universidad-Complutense-de-Madrid,2022,TRANSFERENCIAS-CORRIENTES,DE-OTROS-ORGANISMOS-PUBLICOS,DE-OTROS-ORGANISMOS-PUBLICOS,OTROS-ORGANISMOS-PUBLICOS,Otros-Organismos-Publicos,VR-RR.INTERN.Y-COOP,OFICINA-RELAC-INTER,no-informado,no-informado,no-informado,2022-01-01T00:00Z,640000,0,640000,0,0
010,Universidad-Complutense-de-Madrid,2022,TRANSFERENCIAS-CORRIENTES,DE-EMPRESAS-PRIVADAS,DE-EMPRESAS-PRIVADAS,BECAS-SANTANDER-ERASMUS,Becas-Santander-Erasmus,VR-RR.INTERN.Y-COOP,OFICINA-RELAC-INTER,no-informado,no-informado,no-informado,2022-01-01T00:00Z,63100,0,63100,0,0
010,Universidad-Complutense-de-Madrid,2022,TRANSFERENCIAS-CORRIENTES,DE-EMPRESAS-PRIVADAS,DE-EMPRESAS-PRIVADAS,OTRAS-TRANSFERENCIAS-DE-EMPRESAS-PRIVADAS,Otras-Transferencias-devEmpresas-Privadas,VR-RR.INTERN.Y-COOP,OFICINA-RELAC-INTER,no-informado,no-informado,no-informado,2022-01-01T00:00Z,48000,0,48000,0,0
010,Universidad-Complutense-de-Madrid,2022,TRANSFERENCIAS-CORRIENTES,DEL-EXTERIOR,UNION-EUROPEA,DIREC-GRAL-ENSENIANZA-EXTERIOR-ACTION-JEAN-MONNET,Direc-Gral-Ensenianza-Exterior-Action-Jean-Monnet,VR-RR.INTERN.Y-COOP,OFICINA-RELAC-INTER,no-informado,no-informado,no-informado,2022-01-01T00:00Z,110000,0,110000,0,0
010,Universidad-Complutense-de-Madrid,2022,TRANSFERENCIAS-CORRIENTES,DEL-EXTERIOR,UNION-EUROPEA,PROGRAMA-ERASMUS,Programa-Erasmus,VR-RR.INTERN.Y-COOP,OFICINA-RELAC-INTER,no-informado,no-informado,no-informado,2022-01-01T00:00Z,4238897,0,4238897,0,0
010,Universidad-Complutense-de-Madrid,2022,TRANSFERENCIAS-CORRIENTES,DEL-EXTERIOR,ORGANISMOS-INTERNACIONALES,ESTADOS-UNIDOS---BECAS-CALIFORNIA,Gobierno-de-EE.UU.,VR-RR.INTERN.Y-COOP,OFICINA-RELAC-INTER,no-informado,no-informado,no-informado,2022-01-01T00:00Z,27000,0,27000,0,0
010,Universidad-Complutense-de-Madrid,2022,TASAS-PRECIOS-PUBLICOS-Y-OTROS-INGRESOS,PRECIOS-PUBLICOS,DERECHOS-DE-MATRICULA-EN-CURSOS-Y-SEMINARIOS,CURSOS-INTERFACULTATIVOS,Cursos-Interfacultativos,VR-RR.INTERN.Y-COOP,OTROS-CENTROS,no-informado,no-informado,no-informado,2022-01-01T00:00Z,25000,0,25000,0,0
010,Universidad-Complutense-de-Madrid,2022,TASAS-PRECIOS-PUBLICOS-Y-OTROS-INGRESOS,TASAS,TASAS-ACADEMICAS,TASAS-DE-SECRETARIA,Tasas-de-Secretaria,VR-EMPLEABILIDAD,FORMACION-PERMANENTE,no-informado,no-informado,no-informado,2022-01-01T00:00Z,200000,0,200000,0,0
010,Universidad-Complutense-de-Madrid,2022,TASAS-PRECIOS-PUBLICOS-Y-OTROS-INGRESOS,PRECIOS-PUBLICOS,DERECHOS-DE-MATRICULA-EN-CURSOS-Y-SEMINARIOS,FORMACION-PERMANENTE,Formacion-Permanente,VR-EMPLEABILIDAD,FORMACION-PERMANENTE,no-informado,no-informado,no-informado,2022-01-01T00:00Z,7900000,0,7900000,0,0
010,Universidad-Complutense-de-Madrid,2022,TASAS-PRECIOS-PUBLICOS-Y-OTROS-INGRESOS,PRECIOS-PUBLICOS,DERECHOS-DE-MATRICULA-EN-CURSOS-Y-SEMINARIOS,PREINSCRIPCION-FORMACION-PERMANENTE,Preinscripcion-Formacion-Permanente,VR-EMPLEABILIDAD,FORMACION-PERMANENTE,no-informado,no-informado,no-informado,2022-01-01T00:00Z,200000,0,200000,0,0
010,Universidad-Complutense-de-Madrid,2022,TASAS-PRECIOS-PUBLICOS-Y-OTROS-INGRESOS,PRECIOS-PUBLICOS,DERECHOS-DE-MATRICULA-EN-CURSOS-Y-SEMINARIOS,FORMACION-CONTINUA,Formacion-Continua,VR-EMPLEABILIDAD,FORMACION-PERMANENTE,no-informado,no-informado,no-informado,2022-01-01T00:00Z,300000,0,300000,0,0
010,Universidad-Complutense-de-Madrid,2022,TASAS-PRECIOS-PUBLICOS-Y-OTROS-INGRESOS,TASAS,TASAS-ACADEMICAS,TASAS-DE-SECRETARIA,Tasas-de-Secretaria,VR-ESTUDIANTES,ADMON.VR.ESTUDIANTES,no-informado,no-informado,no-informado,2022-01-01T00:00Z,3250000,0,3250000,0,0
010,Universidad-Complutense-de-Madrid,2022,TASAS-PRECIOS-PUBLICOS-Y-OTROS-INGRESOS,PRECIOS-PUBLICOS,DERECHOS-DE-MATRICULA-EN-CURSOS-Y-SEMINARIOS,GRADOS,Grados,VR-ESTUDIANTES,ADMON.VR.ESTUDIANTES,no-informado,no-informado,no-informado,2022-01-01T00:00Z,6.769903903E7,0,6.769903903E7,0,0
010,Universidad-Complutense-de-Madrid,2022,TASAS-PRECIOS-PUBLICOS-Y-OTROS-INGRESOS,PRECIOS-PUBLICOS,DERECHOS-DE-MATRICULA-EN-CURSOS-Y-SEMINARIOS,LECTURA-Y-MANTENIMIENTO-DE-TESIS,Lectura-y-mantenimiento-de-tesis,VR-ESTUDIANTES,ADMON.VR.ESTUDIANTES,no-informado,no-informado,no-informado,2022-01-01T00:00Z,2384260.5,0,2384260.5,0,0
010,Universidad-Complutense-de-Madrid,2022,TASAS-PRECIOS-PUBLICOS-Y-OTROS-INGRESOS,PRECIOS-PUBLICOS,DERECHOS-DE-MATRICULA-EN-CURSOS-Y-SEMINARIOS,BECARIOS-CENTROS-PROPIOS-MEFP,Becarios-Centros-Propios-MEFP,VR-ESTUDIANTES,ADMON.VR.ESTUDIANTES,no-informado,no-informado,no-informado,2022-01-01T00:00Z,1.378206074E7,0,1.378206074E7,0,0
010,Universidad-Complutense-de-Madrid,2022,TASAS-PRECIOS-PUBLICOS-Y-OTROS-INGRESOS,PRECIOS-PUBLICOS,DERECHOS-DE-MATRICULA-EN-CURSOS-Y-SEMINARIOS,BECARIOS-FAMILIA-NUMEROSA-MEFP,Becarios-Familia-Numerosa-MEFP,VR-ESTUDIANTES,ADMON.VR.ESTUDIANTES,no-informado,no-informado,no-informado,2022-01-01T00:00Z,5268982.49,0,5268982.49,0,0
010,Universidad-Complutense-de-Madrid,2022,TASAS-PRECIOS-PUBLICOS-Y-OTROS-INGRESOS,PRECIOS-PUBLICOS,DERECHOS-DE-MATRICULA-EN-CURSOS-Y-SEMINARIOS,BECAS-OTROS-ORGANISMOS,Becas-Otros-Organismos,VR-ESTUDIANTES,ADMON.VR.ESTUDIANTES,no-informado,no-informado,no-informado,2022-01-01T00:00Z,217056.02,0,217056.02,0,0
010,Universidad-Complutense-de-Madrid,2022,TASAS-PRECIOS-PUBLICOS-Y-OTROS-INGRESOS,PRECIOS-PUBLICOS,DERECHOS-DE-MATRICULA-EN-CURSOS-Y-SEMINARIOS,PRUEBAS-DE-ACCESO,Pruebas-de-Acceso,VR-ESTUDIANTES,ADMON.VR.ESTUDIANTES,no-informado,no-informado,no-informado,2022-01-01T00:00Z,1350000,0,1350000,0,0
010,Universidad-Complutense-de-Madrid,2022,TASAS-PRECIOS-PUBLICOS-Y-OTROS-INGRESOS,PRECIOS-PUBLICOS,DERECHOS-DE-MATRICULA-EN-CURSOS-Y-SEMINARIOS,PRUEBAS-ESPECIFICAS-DE-ACCESO,Pruebas-Especificas-de-Acceso,VR-ESTUDIANTES,ADMON.VR.ESTUDIANTES,no-informado,no-informado,no-informado,2022-01-01T00:00Z,12000,0,12000,0,0
010,Universidad-Complutense-de-Madrid,2022,TASAS-PRECIOS-PUBLICOS-Y-OTROS-INGRESOS,PRECIOS-PUBLICOS,DERECHOS-DE-MATRICULA-EN-CURSOS-Y-SEMINARIOS,MATRICULA-MASTER-UNIVERSITARIO-Y-DOCTORADO,Matricula-Master-Universitario-y-Doctorado,VR-ESTUDIANTES,ADMON.VR.ESTUDIANTES,no-informado,no-informado,no-informado,2022-01-01T00:00Z,1.333862981E7,0,1.333862981E7,0,0
010,Universidad-Complutense-de-Madrid,2022,TASAS-PRECIOS-PUBLICOS-Y-OTROS-INGRESOS,PRECIOS-PUBLICOS,DERECHOS-DE-MATRICULA-EN-CURSOS-Y-SEMINARIOS,BECAS-COMUNIDAD-DE-MADRID,Becas-Comunidad-de-Madrid,VR-ESTUDIANTES,ADMON.VR.ESTUDIANTES,no-informado,no-informado,no-informado,2022-01-01T00:00Z,1.597787652E7,0,1.597787652E7,0,0
010,Universidad-Complutense-de-Madrid,2022,TRANSFERENCIAS-CORRIENTES,DE-COMUNIDADES-AUTONOMAS,DE-LA-COMUNIDAD-DE-MADRID,CONSEJERIA-EDUCACION-CONVENIO-PREINSCRIPCION,Consejeria-Educacion-Convenio-Preinscripcion,VR-ESTUDIANTES,ADMON.VR.ESTUDIANTES,no-informado,no-informado,no-informado,2022-01-01T00:00Z,199499.56,0,199499.56,0,0
010,Universidad-Complutense-de-Madrid,2022,TRANSFERENCIAS-CORRIENTES,DE-COMUNIDADES-AUTONOMAS,DE-LA-COMUNIDAD-DE-MADRID,OTRAS-TRANSFERENCIAS-DE-LA-COMUNIDAD-DE-MADRID,Otras-Transferencias-de-la-Comunidad-de-Madrid,VR-ESTUDIANTES,ADMON.VR.ESTUDIANTES,no-informado,no-informado,no-informado,2022-01-01T00:00Z,1059089.2,0,1059089.2,0,0
010,Universidad-Complutense-de-Madrid,2022,TASAS-PRECIOS-PUBLICOS-Y-OTROS-INGRESOS,OTROS-INGRESOS-PROCEDENTES-DE-PRESTACION-SERVICIOS,COLEGIOS-MAYORES,ALOJAMIENTO-COLEGIALES,Alojamiento-Colegiales,VR-ESTUDIANTES,ADMON-CC-MAYORES,no-informado,no-informado,no-informado,2022-01-01T00:00Z,400000,0,400000,0,0
010,Universidad-Complutense-de-Madrid,2022,TASAS-PRECIOS-PUBLICOS-Y-OTROS-INGRESOS,OTROS-INGRESOS,INDEMNIZACIONES-Y-COSTAS-PROCESALES,INDEMNIZACIONES-DE-ASEGURADORAS-POR-SINIESTROS,Indemnizaciones-de-Aseguradoras-por-siniestros,VR-ESTUDIANTES,ADMON-CC-MAYORES,no-informado,no-informado,no-informado,2022-01-01T00:00Z,50000,0,50000,0,0
010,Universidad-Complutense-de-Madrid,2022,TASAS-PRECIOS-PUBLICOS-Y-OTROS-INGRESOS,VENTA-DE-BIENES,VENTA-DE-PUBLICACIONES-PROPIAS,VENTA-DE-PUBLICACIONES-UCM,Venta-de-Publicaciones-UCM,VR-CULTURA-DEP-Y-E,U-TECNICA-CULTURA,no-informado,no-informado,no-informado,2022-01-01T00:00Z,70000,0,70000,0,0
010,Universidad-Complutense-de-Madrid,2022,TASAS-PRECIOS-PUBLICOS-Y-OTROS-INGRESOS,OTROS-INGRESOS-PROCEDENTES-DE-PRESTACION-SERVICIOS,ACTIVIDADES-DEPORTIVAS,ACTIVIDADES-DEPORTIVAS,Actividades-Deportivas,VR-CULTURA-DEP-Y-E,U-ACTIVIDADES-DEPOR,no-informado,no-informado,no-informado,2022-01-01T00:00Z,680000,0,680000,0,0
010,Universidad-Complutense-de-Madrid,2022,INGRESOS-PATRIMONIALES,RENTAS-DE-BIENES-INMUEBLES,ALQUILER-Y-PRODUCTOS-DE-INMUEBLES,ALQUILER-DE-INSTALACIONES-DEPORTIVAS,Alquiler-de-Instalaciones-Deportivas,VR-CULTURA-DEP-Y-E,U-ACTIVIDADES-DEPOR,no-informado,no-informado,no-informado,2022-01-01T00:00Z,120000,0,120000,0,0
010,Universidad-Complutense-de-Madrid,2022,TASAS-PRECIOS-PUBLICOS-Y-OTROS-INGRESOS,PRECIOS-PUBLICOS,DERECHOS-DE-MATRICULA-EN-CURSOS-Y-SEMINARIOS,MATRICULA-UNIVERSIDAD-PARA-MAYORES,Matricula-Universidad-para-Mayores,VR-CULTURA-DEP-Y-E,UNIVERSIDAD-MAYORES,no-informado,no-informado,no-informado,2022-01-01T00:00Z,772440,0,772440,0,0
010,Universidad-Complutense-de-Madrid,2022,TRANSFERENCIAS-CORRIENTES,DE-COMUNIDADES-AUTONOMAS,DE-LA-COMUNIDAD-DE-MADRID,CONSEJERIA-EDUCACION-CONSEJO-SOCIAL,Consejeria-Educacion-Consejo-Social,CONSEJO-SOCIAL,ADM-CONSEJO-SOCIAL,no-informado,no-informado,no-informado,2022-01-01T00:00Z,168867,0,168867,0,0
010,Universidad-Complutense-de-Madrid,2022,ACTIVOS-FINANCIEROS,REMANENTE-DE-TESORERIA,REMANENTE-DE-TESORERIA,REMANENTE-DE-TESORERIA-ESPECIFICO,Remanente-de-Tesoreria-Especifico,VR-TECNOLOGIA-Y-SOST,ADM-SERV-INFORMA,no-informado,no-informado,no-informado,2022-01-01T00:00Z,0,0,0,0,0
010,Universidad-Complutense-de-Madrid,2022,TRANSFERENCIAS-CORRIENTES,DE-ENTIDADES-LOCALES,DE-ENTIDADES-LOCALES,DE-ENTIDADES-LOCALES,De-Entidades-Locales,VR-TECNOLOGIA-Y-SOST,M.AMBIENT-y-SOSTENIB,no-informado,no-informado,no-informado,2022-01-01T00:00Z,60000,0,60000,0,0
010,Universidad-Complutense-de-Madrid,2022,TASAS-PRECIOS-PUBLICOS-Y-OTROS-INGRESOS,REINTEGROS-DE-OPERACIONES-CORRIENTES,REINTEGROS-DE-EJERCICIOS-CERRADOS,REINTEGROS-DE-EJERCICIOS-CERRADOS,Reintegros-de-Ejercicios-Cerrados,VR-CENTROS-Y-DEP.,FACULTADES,F-FILOSOFIA,no-informado,no-informado,2022-01-01T00:00Z,0,0,0,0,0
010,Universidad-Complutense-de-Madrid,2022,TRANSFERENCIAS-CORRIENTES,DE-EMPRESAS-PRIVADAS,DE-EMPRESAS-PRIVADAS,PATROCINIOS,Patrocinios,VR-CENTROS-Y-DEP.,FACULTADES,F-PSICOLOGIA,no-informado,no-informado,2022-01-01T00:00Z,15000,0,15000,0,0
010,Universidad-Complutense-de-Madrid,2022,INGRESOS-PATRIMONIALES,RENTAS-DE-BIENES-INMUEBLES,ALQUILER-Y-PRODUCTOS-DE-INMUEBLES,ALQUILER-DE-AULAS-Y-SALONES-DE-ACTOS,Alquiler-de-Aulas-y-Salones-de-Actos,VR-CENTROS-Y-DEP.,FACULTADES,F-PSICOLOGIA,no-informado,no-informado,2022-01-01T00:00Z,6800,0,6800,0,0
010,Universidad-Complutense-de-Madrid,2022,TASAS-PRECIOS-PUBLICOS-Y-OTROS-INGRESOS,OTROS-INGRESOS,INGRESOS-DIVERSOS,OTROS-INGRESOS-DIVERSOS,Otros-Ingresos-Diversos,VR-CENTROS-Y-DEP.,FACULTADES,F-FILOLOGIA,no-informado,no-informado,2022-01-01T00:00Z,10805.8,0,10805.8,0,0
010,Universidad-Complutense-de-Madrid,2022,INGRESOS-PATRIMONIALES,RENTAS-DE-BIENES-INMUEBLES,ALQUILER-Y-PRODUCTOS-DE-INMUEBLES,ALQUILER-DE-AULAS-Y-SALONES-DE-ACTOS,Alquiler-de-Aulas-y-Salones-de-Actos,VR-CENTROS-Y-DEP.,FACULTADES,F-FILOLOGIA,no-informado,no-informado,2022-01-01T00:00Z,3843.01,0,3843.01,0,0
010,Universidad-Complutense-de-Madrid,2022,TASAS-PRECIOS-PUBLICOS-Y-OTROS-INGRESOS,PRECIOS-PUBLICOS,DERECHOS-DE-MATRICULA-EN-CURSOS-Y-SEMINARIOS,FORMACION-CONTINUA,Formacion-Continua,VR-CENTROS-Y-DEP.,FACULTADES,F-GEOGRAFIA-E-HISTO,no-informado,no-informado,2022-01-01T00:00Z,3400,0,3400,0,0
010,Universidad-Complutense-de-Madrid,2022,TASAS-PRECIOS-PUBLICOS-Y-OTROS-INGRESOS,PRECIOS-PUBLICOS,OTROS-PRECIOS-PUBLICOS,OTROS-PRECIOS-PUBLICOS,Otros-Precios-Publicos,VR-CENTROS-Y-DEP.,FACULTADES,F-GEOGRAFIA-E-HISTO,no-informado,no-informado,2022-01-01T00:00Z,1000,0,1000,0,0
010,Universidad-Complutense-de-Madrid,2022,TASAS-PRECIOS-PUBLICOS-Y-OTROS-INGRESOS,OTROS-INGRESOS-PROCEDENTES-DE-PRESTACION-SERVICIOS,OTROS-INGRESOS-POR-PRESTACION-DE-SERVICIOS,OTROS-INGRESOS-POR-PRESTACION-DE-SERVICIIOS,Otros-Ingresos-por-Prestacion-de-Serviciios,VR-CENTROS-Y-DEP.,FACULTADES,F-GEOGRAFIA-E-HISTO,no-informado,no-informado,2022-01-01T00:00Z,2500,0,2500,0,0
010,Universidad-Complutense-de-Madrid,2022,TRANSFERENCIAS-CORRIENTES,DE-EMPRESAS-PRIVADAS,DE-EMPRESAS-PRIVADAS,PATROCINIOS,Patrocinios,VR-CENTROS-Y-DEP.,FACULTADES,F-GEOGRAFIA-E-HISTO,no-informado,no-informado,2022-01-01T00:00Z,52000,0,52000,0,0
010,Universidad-Complutense-de-Madrid,2022,INGRESOS-PATRIMONIALES,RENTAS-DE-BIENES-INMUEBLES,ALQUILER-Y-PRODUCTOS-DE-INMUEBLES,ALQUILER-DE-AULAS-Y-SALONES-DE-ACTOS,Alquiler-de-Aulas-y-Salones-de-Actos,VR-CENTROS-Y-DEP.,FACULTADES,F-GEOGRAFIA-E-HISTO,no-informado,no-informado,2022-01-01T00:00Z,25000,0,25000,0,0
010,Universidad-Complutense-de-Madrid,2022,TASAS-PRECIOS-PUBLICOS-Y-OTROS-INGRESOS,PRECIOS-PUBLICOS,OTROS-PRECIOS-PUBLICOS,OTROS-PRECIOS-PUBLICOS,Otros-Precios-Publicos,VR-CENTROS-Y-DEP.,FACULTADES,F-EDUCACION,no-informado,no-informado,2022-01-01T00:00Z,0,0,0,0,0
010,Universidad-Complutense-de-Madrid,2022,INGRESOS-PATRIMONIALES,RENTAS-DE-BIENES-INMUEBLES,ALQUILER-Y-PRODUCTOS-DE-INMUEBLES,ALQUILER-DE-AULAS-Y-SALONES-DE-ACTOS,Alquiler-de-Aulas-y-Salones-de-Actos,VR-CENTROS-Y-DEP.,FACULTADES,F-EDUCACION,no-informado,no-informado,2022-01-01T00:00Z,10000,0,10000,0,0
010,Universidad-Complutense-de-Madrid,2022,TASAS-PRECIOS-PUBLICOS-Y-OTROS-INGRESOS,OTROS-INGRESOS-PROCEDENTES-DE-PRESTACION-SERVICIOS,OTROS-INGRESOS-POR-PRESTACION-DE-SERVICIOS,OTROS-INGRESOS-POR-PRESTACION-DE-SERVICIIOS,Otros-Ingresos-por-Prestacion-de-Serviciios,VR-CENTROS-Y-DEP.,FACULTADES,F-CC-QUIMICAS,no-informado,no-informado,2022-01-01T00:00Z,4000,0,4000,0,0
010,Universidad-Complutense-de-Madrid,2022,INGRESOS-PATRIMONIALES,RENTAS-DE-BIENES-INMUEBLES,ALQUILER-Y-PRODUCTOS-DE-INMUEBLES,ALQUILER-DE-AULAS-Y-SALONES-DE-ACTOS,Alquiler-de-Aulas-y-Salones-de-Actos,VR-CENTROS-Y-DEP.,FACULTADES,F-CC-QUIMICAS,no-informado,no-informado,2022-01-01T00:00Z,41000,0,41000,0,0
010,Universidad-Complutense-de-Madrid,2022,INGRESOS-PATRIMONIALES,RENTAS-DE-BIENES-INMUEBLES,ALQUILER-Y-PRODUCTOS-DE-INMUEBLES,ALQUILER-DE-AULAS-Y-SALONES-DE-ACTOS,Alquiler-de-Aulas-y-Salones-de-Actos,VR-CENTROS-Y-DEP.,FACULTADES,F-CC-FISICAS,no-informado,no-informado,2022-01-01T00:00Z,2000,0,2000,0,0
010,Universidad-Complutense-de-Madrid,2022,INGRESOS-PATRIMONIALES,RENTAS-DE-BIENES-INMUEBLES,ALQUILER-Y-PRODUCTOS-DE-INMUEBLES,ALQUILER-DE-AULAS-Y-SALONES-DE-ACTOS,Alquiler-de-Aulas-y-Salones-de-Actos,VR-CENTROS-Y-DEP.,FACULTADES,F-CC-MATEMATICAS,no-informado,no-informado,2022-01-01T00:00Z,6050,0,6050,0,0
010,Universidad-Complutense-de-Madrid,2022,TASAS-PRECIOS-PUBLICOS-Y-OTROS-INGRESOS,OTROS-INGRESOS-PROCEDENTES-DE-PRESTACION-SERVICIOS,OTROS-INGRESOS-POR-PRESTACION-DE-SERVICIOS,OTROS-INGRESOS-POR-PRESTACION-DE-SERVICIIOS,Otros-Ingresos-por-Prestacion-de-Serviciios,VR-CENTROS-Y-DEP.,FACULTADES,F-CC-BIOLOGICAS,no-informado,no-informado,2022-01-01T00:00Z,3872,0,3872,0,0
010,Universidad-Complutense-de-Madrid,2022,INGRESOS-PATRIMONIALES,RENTAS-DE-BIENES-INMUEBLES,ALQUILER-Y-PRODUCTOS-DE-INMUEBLES,ALQUILER-DE-AULAS-Y-SALONES-DE-ACTOS,Alquiler-de-Aulas-y-Salones-de-Actos,VR-CENTROS-Y-DEP.,FACULTADES,F-CC-BIOLOGICAS,no-informado,no-informado,2022-01-01T00:00Z,10000,0,10000,0,0
010,Universidad-Complutense-de-Madrid,2022,INGRESOS-PATRIMONIALES,RENTAS-DE-BIENES-INMUEBLES,ALQUILER-Y-PRODUCTOS-DE-INMUEBLES,ALQUILER-OTROS-PRODUCTOS-DE-INMUEBLES,Alquiler-Otros-Productos-de-Inmuebles,VR-CENTROS-Y-DEP.,FACULTADES,F-CC-BIOLOGICAS,no-informado,no-informado,2022-01-01T00:00Z,265,0,265,0,0
010,Universidad-Complutense-de-Madrid,2022,TASAS-PRECIOS-PUBLICOS-Y-OTROS-INGRESOS,TASAS,OTRAS-TASAS,LEGALIZACION-Y-ENVIO-DE-DOCUMENTOS,Legalizacion-y-envio-de-documentos,VR-CENTROS-Y-DEP.,FACULTADES,F-CC-GEOLOGICAS,no-informado,no-informado,2022-01-01T00:00Z,0,0,0,0,0
010,Universidad-Complutense-de-Madrid,2022,TASAS-PRECIOS-PUBLICOS-Y-OTROS-INGRESOS,VENTA-DE-BIENES,VENTA-DE-PUBLICACIONES-PROPIAS,VENTA-DE-PUBLICACIONES-UCM,Venta-de-Publicaciones-UCM,VR-CENTROS-Y-DEP.,FACULTADES,F-CC-GEOLOGICAS,no-informado,no-informado,2022-01-01T00:00Z,300,0,300,0,0
010,Universidad-Complutense-de-Madrid,2022,INGRESOS-PATRIMONIALES,RENTAS-DE-BIENES-INMUEBLES,ALQUILER-Y-PRODUCTOS-DE-INMUEBLES,ALQUILER-DE-AULAS-Y-SALONES-DE-ACTOS,Alquiler-de-Aulas-y-Salones-de-Actos,VR-CENTROS-Y-DEP.,FACULTADES,F-CC-GEOLOGICAS,no-informado,no-informado,2022-01-01T00:00Z,1000,0,1000,0,0
010,Universidad-Complutense-de-Madrid,2022,INGRESOS-PATRIMONIALES,RENTAS-DE-BIENES-INMUEBLES,ALQUILER-Y-PRODUCTOS-DE-INMUEBLES,ALQUILER-DE-AULAS-Y-SALONES-DE-ACTOS,Alquiler-de-Aulas-y-Salones-de-Actos,VR-CENTROS-Y-DEP.,FACULTADES,F-INFORMATICA,no-informado,no-informado,2022-01-01T00:00Z,30000,0,30000,0,0
010,Universidad-Complutense-de-Madrid,2022,TRANSFERENCIAS-CORRIENTES,DE-EMPRESAS-PRIVADAS,DE-EMPRESAS-PRIVADAS,PATROCINIOS,Patrocinios,VR-CENTROS-Y-DEP.,FACULTADES,F-MEDICINA,no-informado,no-informado,2022-01-01T00:00Z,145000,0,145000,0,0
010,Universidad-Complutense-de-Madrid,2022,INGRESOS-PATRIMONIALES,RENTAS-DE-BIENES-INMUEBLES,ALQUILER-Y-PRODUCTOS-DE-INMUEBLES,ALQUILER-DE-AULAS-Y-SALONES-DE-ACTOS,Alquiler-de-Aulas-y-Salones-de-Actos,VR-CENTROS-Y-DEP.,FACULTADES,F-MEDICINA,no-informado,no-informado,2022-01-01T00:00Z,154579.33,0,154579.33,0,0
010,Universidad-Complutense-de-Madrid,2022,INGRESOS-PATRIMONIALES,RENTAS-DE-BIENES-INMUEBLES,ALQUILER-Y-PRODUCTOS-DE-INMUEBLES,ALQUILER-DE-AULAS-Y-SALONES-DE-ACTOS,Alquiler-de-Aulas-y-Salones-de-Actos,VR-CENTROS-Y-DEP.,FACULTADES,F-FARMACIA,no-informado,no-informado,2022-01-01T00:00Z,82876.55,0,82876.55,0,0
010,Universidad-Complutense-de-Madrid,2022,TASAS-PRECIOS-PUBLICOS-Y-OTROS-INGRESOS,OTROS-INGRESOS,INGRESOS-DIVERSOS,OTROS-INGRESOS-DIVERSOS,Otros-Ingresos-Diversos,VR-CENTROS-Y-DEP.,FACULTADES,F-VETERINARIA,no-informado,no-informado,2022-01-01T00:00Z,5000,0,5000,0,0
010,Universidad-Complutense-de-Madrid,2022,INGRESOS-PATRIMONIALES,RENTAS-DE-BIENES-INMUEBLES,ALQUILER-Y-PRODUCTOS-DE-INMUEBLES,ALQUILER-DE-AULAS-Y-SALONES-DE-ACTOS,Alquiler-de-Aulas-y-Salones-de-Actos,VR-CENTROS-Y-DEP.,FACULTADES,F-VETERINARIA,no-informado,no-informado,2022-01-01T00:00Z,5000,0,5000,0,0
010,Universidad-Complutense-de-Madrid,2022,INGRESOS-PATRIMONIALES,RENTAS-DE-BIENES-INMUEBLES,ALQUILER-Y-PRODUCTOS-DE-INMUEBLES,ALQUILER-DE-AULAS-Y-SALONES-DE-ACTOS,Alquiler-de-Aulas-y-Salones-de-Actos,VR-CENTROS-Y-DEP.,FACULTADES,F-ODONTOLOGIA,no-informado,no-informado,2022-01-01T00:00Z,95810.13,0,95810.13,0,0
010,Universidad-Complutense-de-Madrid,2022,INGRESOS-PATRIMONIALES,RENTAS-DE-BIENES-INMUEBLES,ALQUILER-Y-PRODUCTOS-DE-INMUEBLES,ALQUILER-DE-AULAS-Y-SALONES-DE-ACTOS,Alquiler-de-Aulas-y-Salones-de-Actos,VR-CENTROS-Y-DEP.,FACULTADES,F-DERECHO,no-informado,no-informado,2022-01-01T00:00Z,300000,0,300000,0,0
010,Universidad-Complutense-de-Madrid,2022,INGRESOS-PATRIMONIALES,RENTAS-DE-BIENES-INMUEBLES,ALQUILER-Y-PRODUCTOS-DE-INMUEBLES,ALQUILER-DE-AULAS-Y-SALONES-DE-ACTOS,Alquiler-de-Aulas-y-Salones-de-Actos,VR-CENTROS-Y-DEP.,FACULTADES,F-CC-POLITICAS,no-informado,no-informado,2022-01-01T00:00Z,12000,0,12000,0,0
010,Universidad-Complutense-de-Madrid,2022,INGRESOS-PATRIMONIALES,RENTAS-DE-BIENES-INMUEBLES,ALQUILER-Y-PRODUCTOS-DE-INMUEBLES,ALQUILER-DE-AULAS-Y-SALONES-DE-ACTOS,Alquiler-de-Aulas-y-Salones-de-Actos,VR-CENTROS-Y-DEP.,FACULTADES,F-CC-ECONOMICAS,no-informado,no-informado,2022-01-01T00:00Z,60000,0,60000,0,0
010,Universidad-Complutense-de-Madrid,2022,INGRESOS-PATRIMONIALES,RENTAS-DE-BIENES-INMUEBLES,ALQUILER-Y-PRODUCTOS-DE-INMUEBLES,ALQUILER-DE-AULAS-Y-SALONES-DE-ACTOS,Alquiler-de-Aulas-y-Salones-de-Actos,VR-CENTROS-Y-DEP.,FACULTADES,F-CC-INFORMACION,no-informado,no-informado,2022-01-01T00:00Z,30000,0,30000,0,0
010,Universidad-Complutense-de-Madrid,2022,INGRESOS-PATRIMONIALES,RENTAS-DE-BIENES-INMUEBLES,ALQUILER-Y-PRODUCTOS-DE-INMUEBLES,ALQUILER-DE-AULAS-Y-SALONES-DE-ACTOS,Alquiler-de-Aulas-y-Salones-de-Actos,VR-CENTROS-Y-DEP.,FACULTADES,F-CC-DOCUMENTACION,no-informado,no-informado,2022-01-01T00:00Z,3887.56,0,3887.56,0,0
010,Universidad-Complutense-de-Madrid,2022,INGRESOS-PATRIMONIALES,RENTAS-DE-BIENES-INMUEBLES,ALQUILER-Y-PRODUCTOS-DE-INMUEBLES,ALQUILER-DE-AULAS-Y-SALONES-DE-ACTOS,Alquiler-de-Aulas-y-Salones-de-Actos,VR-CENTROS-Y-DEP.,FACULTADES,F-BELLAS-ARTES,no-informado,no-informado,2022-01-01T00:00Z,20000,0,20000,0,0
010,Universidad-Complutense-de-Madrid,2022,INGRESOS-PATRIMONIALES,RENTAS-DE-BIENES-INMUEBLES,ALQUILER-Y-PRODUCTOS-DE-INMUEBLES,ALQUILER-DE-AULAS-Y-SALONES-DE-ACTOS,Alquiler-de-Aulas-y-Salones-de-Actos,VR-CENTROS-Y-DEP.,FACULTADES,F-COMERCIO-Y-TURISM,no-informado,no-informado,2022-01-01T00:00Z,32318.7,0,32318.7,0,0
010,Universidad-Complutense-de-Madrid,2022,TASAS-PRECIOS-PUBLICOS-Y-OTROS-INGRESOS,OTROS-INGRESOS,INDEMNIZACIONES-Y-COSTAS-PROCESALES,INDEMNIZACIONES-DE-ASEGURADORAS-POR-SINIESTROS,Indemnizaciones-de-Aseguradoras-por-siniestros,VR-CENTROS-Y-DEP.,FACULTADES,F-OPTICA-Y-OPTOMETR,no-informado,no-informado,2022-01-01T00:00Z,0,0,0,0,0
010,Universidad-Complutense-de-Madrid,2022,INGRESOS-PATRIMONIALES,RENTAS-DE-BIENES-INMUEBLES,ALQUILER-Y-PRODUCTOS-DE-INMUEBLES,ALQUILER-DE-AULAS-Y-SALONES-DE-ACTOS,Alquiler-de-Aulas-y-Salones-de-Actos,VR-CENTROS-Y-DEP.,FACULTADES,F-OPTICA-Y-OPTOMETR,no-informado,no-informado,2022-01-01T00:00Z,8000,0,8000,0,0
010,Universidad-Complutense-de-Madrid,2022,INGRESOS-PATRIMONIALES,RENTAS-DE-BIENES-INMUEBLES,ALQUILER-Y-PRODUCTOS-DE-INMUEBLES,ALQUILER-DE-AULAS-Y-SALONES-DE-ACTOS,Alquiler-de-Aulas-y-Salones-de-Actos,VR-CENTROS-Y-DEP.,FACULTADES,F-ESTUD-ESTADISTIC,no-informado,no-informado,2022-01-01T00:00Z,19000,0,19000,0,0
010,Universidad-Complutense-de-Madrid,2022,TRANSFERENCIAS-CORRIENTES,DE-EMPRESAS-PRIVADAS,DE-EMPRESAS-PRIVADAS,OTRAS-TRANSFERENCIAS-DE-EMPRESAS-PRIVADAS,Otras-Transferencias-devEmpresas-Privadas,VR-CENTROS-Y-DEP.,ESCUELAS-ESP-PROFES,E-RELACIONES-LABORA,no-informado,no-informado,2022-01-01T00:00Z,5000,0,5000,0,0
010,Universidad-Complutense-de-Madrid,2022,INGRESOS-PATRIMONIALES,RENTAS-DE-BIENES-INMUEBLES,ALQUILER-Y-PRODUCTOS-DE-INMUEBLES,ALQUILER-DE-AULAS-Y-SALONES-DE-ACTOS,Alquiler-de-Aulas-y-Salones-de-Actos,VR-CENTROS-Y-DEP.,ESCUELAS-ESP-PROFES,E-RELACIONES-LABORA,no-informado,no-informado,2022-01-01T00:00Z,4800,0,4800,0,0
010,Universidad-Complutense-de-Madrid,2022,TASAS-PRECIOS-PUBLICOS-Y-OTROS-INGRESOS,PRECIOS-PUBLICOS,OTROS-PRECIOS-PUBLICOS,SERVICIOS-CONSULTAS-DE-CLINICAS,Servicios-Consultas-de-Clinicas,VR-CENTROS-Y-DEP.,HOSP-Y-UDES-ASISTE,CLIN-PODOLOGIA,no-informado,no-informado,2022-01-01T00:00Z,313169.97,0,313169.97,0,0
010,Universidad-Complutense-de-Madrid,2022,TASAS-PRECIOS-PUBLICOS-Y-OTROS-INGRESOS,OTROS-INGRESOS,INDEMNIZACIONES-Y-COSTAS-PROCESALES,INDEMNIZACIONES-DE-ASEGURADORAS-POR-SINIESTROS,Indemnizaciones-de-Aseguradoras-por-siniestros,VR-CENTROS-Y-DEP.,HOSP-Y-UDES-ASISTE,CLIN-PODOLOGIA,no-informado,no-informado,2022-01-01T00:00Z,0,0,0,0,0
010,Universidad-Complutense-de-Madrid,2022,TASAS-PRECIOS-PUBLICOS-Y-OTROS-INGRESOS,PRECIOS-PUBLICOS,OTROS-PRECIOS-PUBLICOS,SERVICIOS-CONSULTAS-DE-CLINICAS,Servicios-Consultas-de-Clinicas,VR-CENTROS-Y-DEP.,HOSP-Y-UDES-ASISTE,HOSP-CLIN-VETERINA,no-informado,no-informado,2022-01-01T00:00Z,1290000,0,1290000,0,0
010,Universidad-Complutense-de-Madrid,2022,TRANSFERENCIAS-CORRIENTES,DE-EMPRESAS-PRIVADAS,DE-EMPRESAS-PRIVADAS,PATROCINIOS,Patrocinios,VR-CENTROS-Y-DEP.,HOSP-Y-UDES-ASISTE,HOSP-CLIN-VETERINA,no-informado,no-informado,2022-01-01T00:00Z,44972,0,44972,0,0
010,Universidad-Complutense-de-Madrid,2022,TASAS-PRECIOS-PUBLICOS-Y-OTROS-INGRESOS,PRECIOS-PUBLICOS,OTROS-PRECIOS-PUBLICOS,SERVICIOS-CONSULTAS-DE-CLINICAS,Servicios-Consultas-de-Clinicas,VR-CENTROS-Y-DEP.,HOSP-Y-UDES-ASISTE,CLIN-PSICOLOGIA,no-informado,no-informado,2022-01-01T00:00Z,160000,0,160000,0,0
010,Universidad-Complutense-de-Madrid,2022,TASAS-PRECIOS-PUBLICOS-Y-OTROS-INGRESOS,PRECIOS-PUBLICOS,OTROS-PRECIOS-PUBLICOS,SERVICIOS-CONSULTAS-DE-CLINICAS,Servicios-Consultas-de-Clinicas,VR-CENTROS-Y-DEP.,HOSP-Y-UDES-ASISTE,CLIN-OPTOMETRIA,no-informado,no-informado,2022-01-01T00:00Z,123286.3,0,123286.3,0,0
010,Universidad-Complutense-de-Madrid,2022,TASAS-PRECIOS-PUBLICOS-Y-OTROS-INGRESOS,PRECIOS-PUBLICOS,OTROS-PRECIOS-PUBLICOS,SERVICIOS-CONSULTAS-DE-CLINICAS,Servicios-Consultas-de-Clinicas,VR-CENTROS-Y-DEP.,HOSP-Y-UDES-ASISTE,U-CLINICA-LOGOPEDIA,no-informado,no-informado,2022-01-01T00:00Z,58000,0,58000,0,0
010,Universidad-Complutense-de-Madrid,2022,TASAS-PRECIOS-PUBLICOS-Y-OTROS-INGRESOS,PRECIOS-PUBLICOS,OTROS-PRECIOS-PUBLICOS,SERVICIOS-CONSULTAS-DE-CLINICAS,Servicios-Consultas-de-Clinicas,VR-CENTROS-Y-DEP.,HOSP-Y-UDES-ASISTE,CLIN-ODONTOLOGIA,no-informado,no-informado,2022-01-01T00:00Z,2252393,0,2252393,0,0
010,Universidad-Complutense-de-Madrid,2022,TASAS-PRECIOS-PUBLICOS-Y-OTROS-INGRESOS,REINTEGROS-DE-OPERACIONES-CORRIENTES,REINTEGROS-DE-EJERCICIOS-CERRADOS,REINTEGROS-DE-EJERCICIOS-CERRADOS,Reintegros-de-Ejercicios-Cerrados,VR-CENTROS-Y-DEP.,HOSP-Y-UDES-ASISTE,CLIN-ODONTOLOGIA,no-informado,no-informado,2022-01-01T00:00Z,0,0,0,0,0
010,Universidad-Complutense-de-Madrid,2022,TASAS-PRECIOS-PUBLICOS-Y-OTROS-INGRESOS,PRECIOS-PUBLICOS,DERECHOS-DE-MATRICULA-EN-CURSOS-Y-SEMINARIOS,FORMACION-CONTINUA,Formacion-Continua,VR-CENTROS-Y-DEP.,OTROS-CENTROS,CEN-DONACION-CUERPO,no-informado,no-informado,2022-01-01T00:00Z,39000,0,39000,0,0
010,Universidad-Complutense-de-Madrid,2022,TASAS-PRECIOS-PUBLICOS-Y-OTROS-INGRESOS,OTROS-INGRESOS-PROCEDENTES-DE-PRESTACION-SERVICIOS,OTROS-INGRESOS-POR-PRESTACION-DE-SERVICIOS,OTROS-INGRESOS-POR-PRESTACION-DE-SERVICIIOS,Otros-Ingresos-por-Prestacion-de-Serviciios,VR-CENTROS-Y-DEP.,OTROS-CENTROS,CEN-DONACION-CUERPO,no-informado,no-informado,2022-01-01T00:00Z,253005.25,0,253005.25,0,0
010,Universidad-Complutense-de-Madrid,2022,INGRESOS-PATRIMONIALES,RENTAS-DE-BIENES-INMUEBLES,ALQUILER-Y-PRODUCTOS-DE-INMUEBLES,ALQUILER-DE-AULAS-Y-SALONES-DE-ACTOS,Alquiler-de-Aulas-y-Salones-de-Actos,VR-CENTROS-Y-DEP.,OTROS-CENTROS,CEN-DONACION-CUERPO,no-informado,no-informado,2022-01-01T00:00Z,45155.45,0,45155.45,0,0
010,Universidad-Complutense-de-Madrid,2022,TRANSFERENCIAS-CORRIENTES,DE-EMPRESAS-PRIVADAS,DE-EMPRESAS-PRIVADAS,PATROCINIOS,Patrocinios,VR-INVESTIGACION-Y-T,SV-INVESTIGACION,F-GEOGRAFIA-E-HISTO,no-informado,no-informado,2022-01-01T00:00Z,40000,0,40000,0,0
010,Universidad-Complutense-de-Madrid,2022,TRANSFERENCIAS-DE-CAPITAL,DE-FAMILIAS-E-INSTITUCIONES-SIN-FINES-DE-LUCRO,DE-FAMILIAS-E-INSTITUCIONES-SIN-FINES-DE-LUCRO,OTRAS-TRANSF-DE-FAMILIAS-E-IN-SIN-FINES-DE-LUCRO,Otras-Transf-de-Familias-e-In-sin-fines-de-lucro,VR-INVESTIGACION-Y-T,SV-INVESTIGACION,F-CC-INFORMACION,no-informado,no-informado,2022-01-01T00:00Z,0,0,0,0,0
010,Universidad-Complutense-de-Madrid,2022,TASAS-PRECIOS-PUBLICOS-Y-OTROS-INGRESOS,OTROS-INGRESOS-PROCEDENTES-DE-PRESTACION-SERVICIOS,OTROS-INGRESOS-POR-PRESTACION-DE-SERVICIOS,OTROS-INGRESOS-POR-PRESTACION-DE-SERVICIIOS,Otros-Ingresos-por-Prestacion-de-Serviciios,VR-INVESTIGACION-Y-T,SV-INVESTIGACION,I.U-PLURIDISCIPLINA,no-informado,no-informado,2022-01-01T00:00Z,0,0,0,0,0
010,Universidad-Complutense-de-Madrid,2022,TASAS-PRECIOS-PUBLICOS-Y-OTROS-INGRESOS,OTROS-INGRESOS-PROCEDENTES-DE-PRESTACION-SERVICIOS,INGRESOS-CAIS,INGRESOS-CAIS-CARGOS-INTERNOS,Ingresos-CAIs-Cargos-Internos,VR-INVESTIGACION-Y-T,ADM-CC-A-I.,ANIMALARIO,no-informado,no-informado,2022-01-01T00:00Z,0,0,0,0,0
010,Universidad-Complutense-de-Madrid,2022,TRANSFERENCIAS-DE-CAPITAL,DE-LA-ADMINISTRACION-DEL-ESTADO,DEL-MINIS-DE-ASUNT-ECONOMICOS-Y-TRANSFORM-DIGITAL,INVESTIGACION-M-ASUNTOS-ECONOMICOS-Y-TR-DIGITAL,Investigacion-M-Asuntos-Economicos-y-Tr-Digital,VR-INVESTIGACION-Y-T,no-descrito,no-descrito,no-informado,no-informado,2022-01-01T00:00Z,0,0,0,0,0
010,Universidad-Complutense-de-Madrid,2022,TASAS-PRECIOS-PUBLICOS-Y-OTROS-INGRESOS,PRECIOS-PUBLICOS,OTROS-PRECIOS-PUBLICOS,SERVICIOS-CONSULTAS-DE-CLINICAS,Servicios-Consultas-de-Clinicas,VR-INVESTIGACION-Y-T,INSTITUTOS-UNIVERSIT,I.U-INV-OFTAL-R.C,no-informado,no-informado,2022-01-01T00:00Z,12500,0,12500,0,0
010,Universidad-Complutense-de-Madrid,2022,TASAS-PRECIOS-PUBLICOS-Y-OTROS-INGRESOS,PRECIOS-PUBLICOS,DERECHOS-DE-MATRICULA-EN-CURSOS-Y-SEMINARIOS,CURSOS-INTERFACULTATIVOS,Cursos-Interfacultativos,VR-RR.INTERN.Y-COOP,OTROS-CENTROS,CURSOS-INTERFACULTAT,no-informado,no-informado,2022-01-01T00:00Z,300000,0,300000,0,0
010,Universidad-Complutense-de-Madrid,2022,TRANSFERENCIAS-CORRIENTES,DE-EMPRESAS-PRIVADAS,DE-EMPRESAS-PRIVADAS,OTRAS-TRANSFERENCIAS-DE-EMPRESAS-PRIVADAS,Otras-Transferencias-devEmpresas-Privadas,VR-EMPLEABILIDAD,OPE,OF-PRACTICAS-Y-EMPL,no-informado,no-informado,2022-01-01T00:00Z,18000,0,18000,0,0
010,Universidad-Complutense-de-Madrid,2022,TASAS-PRECIOS-PUBLICOS-Y-OTROS-INGRESOS,PRECIOS-PUBLICOS,DERECHOS-DE-MATRICULA-EN-CURSOS-Y-SEMINARIOS,FORMACION-CONTINUA,Formacion-Continua,VR-EMPLEABILIDAD,FORMACION-PERMANENTE,F-ODONTOLOGIA,no-informado,no-informado,2022-01-01T00:00Z,1154556,0,1154556,0,0
010,Universidad-Complutense-de-Madrid,2022,TASAS-PRECIOS-PUBLICOS-Y-OTROS-INGRESOS,REINTEGROS-DE-OPERACIONES-CORRIENTES,REINTEGROS-DE-EJERCICIOS-CERRADOS,REINTEGROS-DE-EJERCICIOS-CERRADOS,Reintegros-de-Ejercicios-Cerrados,VR-ESTUDIANTES,UNID-BECAS-F.P.,F-FILOSOFIA,no-informado,no-informado,2022-01-01T00:00Z,0,0,0,0,0
010,Universidad-Complutense-de-Madrid,2022,TASAS-PRECIOS-PUBLICOS-Y-OTROS-INGRESOS,REINTEGROS-DE-OPERACIONES-CORRIENTES,REINTEGROS-DE-EJERCICIOS-CERRADOS,REINTEGROS-DE-EJERCICIOS-CERRADOS,Reintegros-de-Ejercicios-Cerrados,VR-ESTUDIANTES,UNID-BECAS-F.P.,F-GEOGRAFIA-E-HISTO,no-informado,no-informado,2022-01-01T00:00Z,0,0,0,0,0
010,Universidad-Complutense-de-Madrid,2022,TASAS-PRECIOS-PUBLICOS-Y-OTROS-INGRESOS,REINTEGROS-DE-OPERACIONES-CORRIENTES,REINTEGROS-DE-EJERCICIOS-CERRADOS,REINTEGROS-DE-EJERCICIOS-CERRADOS,Reintegros-de-Ejercicios-Cerrados,VR-ESTUDIANTES,UNID-BECAS-F.P.,F-CC-INFORMACION,no-informado,no-informado,2022-01-01T00:00Z,0,0,0,0,0
010,Universidad-Complutense-de-Madrid,2022,TASAS-PRECIOS-PUBLICOS-Y-OTROS-INGRESOS,REINTEGROS-DE-OPERACIONES-CORRIENTES,REINTEGROS-DE-EJERCICIOS-CERRADOS,REINTEGROS-DE-EJERCICIOS-CERRADOS,Reintegros-de-Ejercicios-Cerrados,VR-ESTUDIANTES,UNID-BECAS-F.P.,F-OPTICA,no-informado,no-informado,2022-01-01T00:00Z,0,0,0,0,0
010,Universidad-Complutense-de-Madrid,2022,TASAS-PRECIOS-PUBLICOS-Y-OTROS-INGRESOS,REINTEGROS-DE-OPERACIONES-CORRIENTES,REINTEGROS-DE-EJERCICIOS-CERRADOS,REINTEGROS-DE-EJERCICIOS-CERRADOS,Reintegros-de-Ejercicios-Cerrados,VR-ESTUDIANTES,UNID-BECAS-F.P.,F-TRABAJO-SOCIAL,no-informado,no-informado,2022-01-01T00:00Z,0,0,0,0,0
010,Universidad-Complutense-de-Madrid,2022,TASAS-PRECIOS-PUBLICOS-Y-OTROS-INGRESOS,REINTEGROS-DE-OPERACIONES-CORRIENTES,REINTEGROS-DE-EJERCICIOS-CERRADOS,REINTEGROS-DE-EJERCICIOS-CERRADOS,Reintegros-de-Ejercicios-Cerrados,VR-ESTUDIANTES,UNID-BECAS-F.P.,HOSP.VETERINARIO,no-informado,no-informado,2022-01-01T00:00Z,0,0,0,0,0
010,Universidad-Complutense-de-Madrid,2022,TASAS-PRECIOS-PUBLICOS-Y-OTROS-INGRESOS,REINTEGROS-DE-OPERACIONES-CORRIENTES,REINTEGROS-DE-EJERCICIOS-CERRADOS,REINTEGROS-DE-EJERCICIOS-CERRADOS,Reintegros-de-Ejercicios-Cerrados,VR-ESTUDIANTES,UNID-BECAS-F.P.,VR-ESTUDIANTES,no-informado,no-informado,2022-01-01T00:00Z,0,0,0,0,0
010,Universidad-Complutense-de-Madrid,2022,TASAS-PRECIOS-PUBLICOS-Y-OTROS-INGRESOS,REINTEGROS-DE-OPERACIONES-CORRIENTES,REINTEGROS-DE-EJERCICIOS-CERRADOS,REINTEGROS-DE-EJERCICIOS-CERRADOS,Reintegros-de-Ejercicios-Cerrados,VR-ESTUDIANTES,UNID-BECAS-F.P.,BIBLIOTECA-GENERAL,no-informado,no-informado,2022-01-01T00:00Z,0,0,0,0,0
010,Universidad-Complutense-de-Madrid,2022,TASAS-PRECIOS-PUBLICOS-Y-OTROS-INGRESOS,OTROS-INGRESOS-PROCEDENTES-DE-PRESTACION-SERVICIOS,COLEGIOS-MAYORES,ALOJAMIENTO-COLEGIALES,Alojamiento-Colegiales,VR-ESTUDIANTES,ADMON-CC-MAYORES,ADM-CC-MAYORES,no-informado,no-informado,2022-01-01T00:00Z,5596465.9,0,5596465.9,0,0
010,Universidad-Complutense-de-Madrid,2022,TASAS-PRECIOS-PUBLICOS-Y-OTROS-INGRESOS,OTROS-INGRESOS-PROCEDENTES-DE-PRESTACION-SERVICIOS,COLEGIOS-MAYORES,ALOJAMIENTO-VERANO,Alojamiento-Verano,VR-ESTUDIANTES,ADMON-CC-MAYORES,ADM-CC-MAYORES,no-informado,no-informado,2022-01-01T00:00Z,414230.12,0,414230.12,0,0
010,Universidad-Complutense-de-Madrid,2022,TASAS-PRECIOS-PUBLICOS-Y-OTROS-INGRESOS,OTROS-INGRESOS-PROCEDENTES-DE-PRESTACION-SERVICIOS,COLEGIOS-MAYORES,OTROS-RESIDENTES,Otros-Residentes,VR-ESTUDIANTES,ADMON-CC-MAYORES,ADM-CC-MAYORES,no-informado,no-informado,2022-01-01T00:00Z,28000,0,28000,0,0
010,Universidad-Complutense-de-Madrid,2022,TASAS-PRECIOS-PUBLICOS-Y-OTROS-INGRESOS,REINTEGROS-DE-OPERACIONES-CORRIENTES,REINTEGROS-DE-EJERCICIOS-CERRADOS,REINTEGROS-DE-EJERCICIOS-CERRADOS,Reintegros-de-Ejercicios-Cerrados,VR-ESTUDIANTES,ADMON-CC-MAYORES,ADM-CC-MAYORES,no-informado,no-informado,2022-01-01T00:00Z,0,0,0,0,0
010,Universidad-Complutense-de-Madrid,2022,TASAS-PRECIOS-PUBLICOS-Y-OTROS-INGRESOS,OTROS-INGRESOS,INDEMNIZACIONES-Y-COSTAS-PROCESALES,INDEMNIZACIONES-DE-ASEGURADORAS-POR-SINIESTROS,Indemnizaciones-de-Aseguradoras-por-siniestros,VR-ESTUDIANTES,ADMON-CC-MAYORES,ADM-CC-MAYORES,no-informado,no-informado,2022-01-01T00:00Z,5000,0,5000,0,0
010,Universidad-Complutense-de-Madrid,2022,TASAS-PRECIOS-PUBLICOS-Y-OTROS-INGRESOS,OTROS-INGRESOS,INGRESOS-DIVERSOS,OTROS-INGRESOS-DIVERSOS,Otros-Ingresos-Diversos,VR-ESTUDIANTES,ADMON-CC-MAYORES,ADM-CC-MAYORES,no-informado,no-informado,2022-01-01T00:00Z,0,0,0,0,0
010,Universidad-Complutense-de-Madrid,2022,INGRESOS-PATRIMONIALES,RENTAS-DE-BIENES-INMUEBLES,ALQUILER-Y-PRODUCTOS-DE-INMUEBLES,ALQUILER-DE-AULAS-Y-SALONES-DE-ACTOS,Alquiler-de-Aulas-y-Salones-de-Actos,VR-ESTUDIANTES,ADMON-CC-MAYORES,ADM-CC-MAYORES,no-informado,no-informado,2022-01-01T00:00Z,6000,0,6000,0,0
010,Universidad-Complutense-de-Madrid,2022,TASAS-PRECIOS-PUBLICOS-Y-OTROS-INGRESOS,OTROS-INGRESOS-PROCEDENTES-DE-PRESTACION-SERVICIOS,OTROS-INGRESOS-POR-PRESTACION-DE-SERVICIOS,OTROS-INGRESOS-POR-PRESTACION-DE-SERVICIIOS,Otros-Ingresos-por-Prestacion-de-Serviciios,VR-ESTUDIOS,AD-VR-ESTUDIOS,F-CC-GEOLOGICAS,no-informado,no-informado,2022-01-01T00:00Z,18000,0,18000,0,0
010,Universidad-Complutense-de-Madrid,2022,TASAS-PRECIOS-PUBLICOS-Y-OTROS-INGRESOS,OTROS-INGRESOS-PROCEDENTES-DE-PRESTACION-SERVICIOS,OTROS-INGRESOS-POR-PRESTACION-DE-SERVICIOS,OTROS-INGRESOS-POR-PRESTACION-DE-SERVICIIOS,Otros-Ingresos-por-Prestacion-de-Serviciios,VR-INVESTIGACION-Y-T,SV-INVESTIGACION,SV-INVESTIGACION,no-informado,no-informado,2022-01-01T00:00Z,0,0,0,0,0
010,Universidad-Complutense-de-Madrid,2022,TASAS-PRECIOS-PUBLICOS-Y-OTROS-INGRESOS,REINTEGROS-DE-OPERACIONES-CORRIENTES,REINTEGROS-DE-EJERCICIOS-CERRADOS,REINTEGROS-DE-EJERCICIOS-CERRADOS,Reintegros-de-Ejercicios-Cerrados,VR-INVESTIGACION-Y-T,SV-INVESTIGACION,SV-INVESTIGACION,no-informado,no-informado,2022-01-01T00:00Z,0,0,0,0,0
010,Universidad-Complutense-de-Madrid,2022,TASAS-PRECIOS-PUBLICOS-Y-OTROS-INGRESOS,OTROS-INGRESOS-PROCEDENTES-DE-PRESTACION-SERVICIOS,INGRESOS-CAIS,INGRESOS-CAIS,Ingresos-CAIs,VR-INVESTIGACION-Y-T,ADM-CC-A-I.,TALLERES-DE-APOYO,no-informado,no-informado,2022-01-01T00:00Z,0,0,0,0,0
010,Universidad-Complutense-de-Madrid,2022,TASAS-PRECIOS-PUBLICOS-Y-OTROS-INGRESOS,OTROS-INGRESOS-PROCEDENTES-DE-PRESTACION-SERVICIOS,INGRESOS-CAIS,INGRESOS-CAIS-CARGOS-INTERNOS,Ingresos-CAIs-Cargos-Internos,VR-INVESTIGACION-Y-T,ADM-CC-A-I.,TALLERES-DE-APOYO,no-informado,no-informado,2022-01-01T00:00Z,0,0,0,0,0
010,Universidad-Complutense-de-Madrid,2022,TASAS-PRECIOS-PUBLICOS-Y-OTROS-INGRESOS,OTROS-INGRESOS-PROCEDENTES-DE-PRESTACION-SERVICIOS,INGRESOS-CAIS,INGRESOS-CAIS-CARGOS-INTERNOS,Ingresos-CAIs-Cargos-Internos,VR-INVESTIGACION-Y-T,ADM-CC-A-I.,TECNICAS-FISICAS,no-informado,no-informado,2022-01-01T00:00Z,0,0,0,0,0
010,Universidad-Complutense-de-Madrid,2022,TASAS-PRECIOS-PUBLICOS-Y-OTROS-INGRESOS,OTROS-INGRESOS-PROCEDENTES-DE-PRESTACION-SERVICIOS,INGRESOS-CAIS,INGRESOS-CAIS,Ingresos-CAIs,VR-INVESTIGACION-Y-T,ADM-CC-A-I.,CC-TIERRA-Y-ARQUEOM,no-informado,no-informado,2022-01-01T00:00Z,0,0,0,0,0
010,Universidad-Complutense-de-Madrid,2022,TASAS-PRECIOS-PUBLICOS-Y-OTROS-INGRESOS,OTROS-INGRESOS-PROCEDENTES-DE-PRESTACION-SERVICIOS,INGRESOS-CAIS,INGRESOS-CAIS-CARGOS-INTERNOS,Ingresos-CAIs-Cargos-Internos,VR-INVESTIGACION-Y-T,ADM-CC-A-I.,CC-TIERRA-Y-ARQUEOM,no-informado,no-informado,2022-01-01T00:00Z,0,0,0,0,0
010,Universidad-Complutense-de-Madrid,2022,TASAS-PRECIOS-PUBLICOS-Y-OTROS-INGRESOS,OTROS-INGRESOS-PROCEDENTES-DE-PRESTACION-SERVICIOS,INGRESOS-CAIS,INGRESOS-CAIS,Ingresos-CAIs,VR-INVESTIGACION-Y-T,ADM-CC-A-I.,TECNICAS-BIOLOGICAS,no-informado,no-informado,2022-01-01T00:00Z,0,0,0,0,0
010,Universidad-Complutense-de-Madrid,2022,TASAS-PRECIOS-PUBLICOS-Y-OTROS-INGRESOS,REINTEGROS-DE-OPERACIONES-CORRIENTES,REINTEGROS-DE-EJERCICIOS-CERRADOS,REINTEGROS-DE-EJERCICIOS-CERRADOS,Reintegros-de-Ejercicios-Cerrados,VR-INVESTIGACION-Y-T,ADM-CC-A-I.,TECNICAS-BIOLOGICAS,no-informado,no-informado,2022-01-01T00:00Z,0,0,0,0,0
010,Universidad-Complutense-de-Madrid,2022,TASAS-PRECIOS-PUBLICOS-Y-OTROS-INGRESOS,OTROS-INGRESOS-PROCEDENTES-DE-PRESTACION-SERVICIOS,INGRESOS-CAIS,INGRESOS-CAIS,Ingresos-CAIs,VR-INVESTIGACION-Y-T,ADM-CC-A-I.,BIOIMAGEN-COMPLUTENS,no-informado,no-informado,2022-01-01T00:00Z,0,0,0,0,0
010,Universidad-Complutense-de-Madrid,2022,TASAS-PRECIOS-PUBLICOS-Y-OTROS-INGRESOS,OTROS-INGRESOS-PROCEDENTES-DE-PRESTACION-SERVICIOS,INGRESOS-CAIS,INGRESOS-CAIS-CARGOS-INTERNOS,Ingresos-CAIs-Cargos-Internos,VR-INVESTIGACION-Y-T,ADM-CC-A-I.,BIOIMAGEN-COMPLUTENS,no-informado,no-informado,2022-01-01T00:00Z,0,0,0,0,0
010,Universidad-Complutense-de-Madrid,2022,TASAS-PRECIOS-PUBLICOS-Y-OTROS-INGRESOS,OTROS-INGRESOS-PROCEDENTES-DE-PRESTACION-SERVICIOS,INGRESOS-CAIS,INGRESOS-CAIS,Ingresos-CAIs,VR-INVESTIGACION-Y-T,ADM-CC-A-I.,TECNICAS-QUIMICAS,no-informado,no-informado,2022-01-01T00:00Z,0,0,0,0,0
010,Universidad-Complutense-de-Madrid,2022,TASAS-PRECIOS-PUBLICOS-Y-OTROS-INGRESOS,OTROS-INGRESOS-PROCEDENTES-DE-PRESTACION-SERVICIOS,INGRESOS-CAIS,INGRESOS-CAIS-CARGOS-INTERNOS,Ingresos-CAIs-Cargos-Internos,VR-INVESTIGACION-Y-T,ADM-CC-A-I.,TECNICAS-QUIMICAS,no-informado,no-informado,2022-01-01T00:00Z,0,0,0,0,0
010,Universidad-Complutense-de-Madrid,2022,TASAS-PRECIOS-PUBLICOS-Y-OTROS-INGRESOS,REINTEGROS-DE-OPERACIONES-CORRIENTES,REINTEGROS-DE-EJERCICIOS-CERRADOS,REINTEGROS-DE-EJERCICIOS-CERRADOS,Reintegros-de-Ejercicios-Cerrados,VR-ESTUDIANTES,UNID-BECAS-F.P.,UNIVERSIDAD-MAYORES,no-informado,no-informado,2022-01-01T00:00Z,0,0,0,0,0
010,Universidad-Complutense-de-Madrid,2022,TASAS-PRECIOS-PUBLICOS-Y-OTROS-INGRESOS,REINTEGROS-DE-OPERACIONES-CORRIENTES,REINTEGROS-DE-EJERCICIOS-CERRADOS,REINTEGROS-DE-EJERCICIOS-CERRADOS,Reintegros-de-Ejercicios-Cerrados,VR-ESTUDIANTES,UNID-BECAS-F.P.,GAB-DE-COMUNICACION,no-informado,no-informado,2022-01-01T00:00Z,0,0,0,0,0
